Id,Predicted
1,-1.4876720133367654
2,-3.1883100215166795
3,-4934.126571999996
4,-0.5396991759924172
5,-2.6012169131265774
6,-0.36612725176662064
7,-0.24877826072340536
8,1.3496419995225295
9,4392.10727333333
10,-2.8282754472174756
11,-1.1914853300020178e-5
12,-6.0864014559417265
13,-1393.2184812833793
14,1.2944555967087032
15,-7240.577799500944
16,0.6254633125153638
17,-309.3896464421225
18,-0.0699572006420886
19,-2855.222238880939
20,-9256.891547892303
21,-4272.589169637102
22,-7666.138908697759
23,0.4072696697513621
24,-0.10835768269369675
25,-0.0699572006420886
26,0.7486138846990621
27,0.4072696697513621
28,-0.05848640512659847
29,-2516.758885923797
30,-0.5168055540537171
31,-25454.64479398405
32,-1.9565843711611115
33,-0.295163379106354
34,0.8127626355473943
35,0.2187413946479078
36,-0.295163379106354
37,-0.295163379106354
38,0.17171052806646217
39,0.6395446349487603
40,-2069.118837367034
41,1.1581045294911412
42,-7557.566310494547
43,-0.5396991759924172
44,-1826.129211119049
45,-0.295163379106354
46,-6616.221635263575
47,0.12638206775273547
48,-7499.262686558333
49,0.023324741416541298
50,-6513.491401092879
51,-0.3101363577428917
52,1.3496419995225295
53,-0.09036693140273855
54,-0.295163379106354
55,-0.43578216346092613
56,-9171.634166454322
57,114.93577317863543
58,0.3428961386107854
59,-0.3156085330295189
60,2.0621099307499158
61,-9409.848274768045
62,0.17171052806646217
63,0.5950590047956298
64,-2106.1396137029965
65,1766.3477366666657
66,0.34424116829476203
67,-0.9643372395271164
68,1.4266705286604235
69,-1.2302285809314284
70,-30050.37245120018
71,-7582.720450036864
72,0.12638206775273547
73,0.8263188728322481
74,0.12746927589967894
75,-0.05848640512659847
76,-2.365037441072007
77,-0.13309181814548968
78,647.743822507415
79,0.1986768396353455
80,-1.4549159326276204
81,0.22120895847089347
82,0.2686691199746727
83,-0.3357414819817408
84,0.5742316830079573
85,-1.0345491611021937
86,-23021.962744505796
87,0.2004941297502706
88,0.023324741416541298
89,-0.8942404764631829
90,0.4173160635067965
91,1547.3144971066365
92,-25443.065919148645
93,-2.2488561182887428
94,-4989.792386666654
95,-3.0533161659374035
96,0.348726370572491
97,-1132.7797137995058
98,-0.08098266872853323
99,0.8263188728322481
100,0.4107001146947208
101,-0.863329089056137
102,-568.6628397635188
103,0.12638206775273547
104,-0.0699572006420886
105,-0.7131115415324166
106,0.38366713133483576
107,-10701.71216730876
108,-1.0891878182846628
109,-1.2302285809314284
110,-1589.5046247532441
111,0.023324741416541298
112,-1.0891878182846628
113,-1.8527246795271675
114,-4.951751202430471
115,-0.640995151362314
116,3.0503212783453444
117,0.24794948915274975
118,1.13060521863777
119,-4916.804916466648
120,-0.25156108417251893
121,-4888.165844148955
122,-22563.17353333455
123,-1.9926081209981177
124,-9739.748214560208
125,-1.6303087396026366
126,0.6395446349487603
127,-1166.6456740158758
128,-8833.663738777765
129,-2784.0796122833317
130,0.6626931340024808
131,-12420.949688463152
132,2445.5277070380967
133,-2508.198615714283
134,1521.3702651139008
135,-963.4590379368412
136,-8305.67479053316
137,0.05586934185602354
138,1.1594541933448645
139,-8336.393211222208
140,-5.300984986445008
141,-3.6041348973748755
142,-1388.1611093481033
143,-0.05848640512659847
144,-1839.8168241630026
145,3.2365459674781993
146,-1.8899021622323176
147,-7204.483804970926
148,-1487.8401756140024
149,0.023324741416541298
150,-21358.542377333415
151,4398.955707674956
152,-0.25156108417251893
153,-0.295163379106354
154,-1107.4396118759003
155,0.392875188649448
156,0.4072696697513621
157,-14351.821370919188
158,1077.7732726345434
159,-0.5396991759924172
160,1.076222716420533
161,-2370.1857461313703
162,-7961.948595950242
163,-0.295163379106354
164,-0.25156108417251893
165,-11554.476116833295
166,-0.31437582830471933
167,-1.5515698279458183
168,-32.65537695238069
169,2.5467142123769637
170,1.8974433005343336
171,0.2187413946479078
172,-0.295163379106354
173,-4725.747178691772
174,0.4173160635067965
175,2.071486704552138
176,-1.7194541692324017
177,-2.447547189804911
178,-5382.082074825257
179,-1.5262400689017022
180,-2078.6027405257537
181,5.05088159274159
182,0.023324741416541298
183,-1.5162044793026783
184,0.4554382364890194
185,-0.25156108417251893
186,-281.34974938095195
187,-1.5613100974720324
188,1.5893666349220172
189,2.9895128351915123
190,-1.1913069732968327
191,-6822.668449155875
192,0.7155788026099987
193,-2003.0623501190428
194,-3.24386587271803
195,-747.4163068152975
196,-5026.492954888993
197,-1.012966536390252
198,-1.6303087396026366
199,-3620.1391545821875
200,-2045.0364486428466
201,-1.0891878182846628
202,-0.0699572006420886
203,-35044.457663149085
204,1.1112818770382291
205,-9979.081999746031
206,-2.1186149359557755
207,-0.30646927900069804
208,1.571818691424721
209,-0.1803021476867714
210,0.7669026740090502
211,0.4173160635067965
212,-0.6880262859299032
213,-27006.73824433331
214,-7435.180042610341
215,1.888851739035111
216,-0.640995151362314
217,1.571818691424721
218,-1.0627759224144866
219,0.0412805125716495
220,1.4616216930857069
221,-2.2173847767618584
222,-13926.117819179059
223,-28991.03670649211
224,1.295793056957858
225,-0.9837832705235179
226,1.4063506873656804
227,-4.577732189155025
228,1244.4380147208776
229,-0.30993341763374826
230,0.7297526026999225
231,-1.9926081209981177
232,-4236.079817000023
233,-0.22079309897901808
234,0.8263188728322481
235,-4125.133543443541
236,-9832.09118086098
237,0.023324741416541298
238,-4392.187209876767
239,0.38366713133483576
240,-0.295163379106354
241,0.4173160635067965
242,-3320.5490851870604
243,-16917.783987838437
244,-1230.4626677633225
245,0.10255246930856543
246,0.12809598123296909
247,1.295793056957858
248,42.11813910623546
249,2.6442615591419303
250,-621.1247860346302
251,-514.7699988095237
252,0.3428961386107854
253,-4849.082307539647
254,-2226.3625508333284
255,0.8109480385815535
256,-7387.318804638867
257,-0.25156108417251893
258,1.5503875295924752
259,-0.36612725176662064
260,-1.4323632259896553
261,-3951.739311143646
262,0.3301780623330083
263,-1.3783883463418671
264,-0.38786490174222643
265,-9995.221060924505
266,-8467.230996767725
267,-9410.422349333321
268,0.023324741416541298
269,0.6893979078667688
270,-9459.493740311053
271,-0.3101363577428917
272,-330.0042933809514
273,1229.0715380642193
274,0.10255246930856543
275,-1.4711619961810305
276,-5965.043700057136
277,0.8263188728322481
278,-1.6303087396026366
279,-0.9928174671462585
280,3007.2351181647005
281,106.5725037157736
282,-7793.600650974689
283,1.3779701116435215
284,-4945.506172179825
285,-8704.333756000027
286,-4177.564305996983
287,-0.34354110923715886
288,-0.25361980204285817
289,-0.13798947137883966
290,1.9455293115555432
291,-0.7647501117906123
292,-1.0337228114145012
293,-0.7131115415324166
294,0.023324741416541298
295,0.0804188038298499
296,-1.5515698279458183
297,0.7669026740090502
298,0.5742316830079573
299,-1.6303087396026366
300,0.348726370572491
301,0.4554382364890194
302,0.392875188649448
303,-1.385928462586259
304,-13335.086049868409
305,-1.0345491611021937
306,-2.6012169131265774
307,-7038.727048007925
308,0.392875188649448
309,0.4107001146947208
310,0.3428961386107854
311,0.6395446349487603
312,0.591163148053217
313,-7314.975080721288
314,-0.30646927900069804
315,-0.5396991759924172
316,-1.0820709643783333
317,-0.6401431033441993
318,0.3301780623330083
319,-1.8874060380095248
320,2.170273549692314
321,0.3641695499364857
322,-1.6387838139459914
323,-0.4483408240549858
324,-1903.211375232677
325,607.205711952382
326,0.05586934185602354
327,0.4554382364890194
328,-1911.7397254495163
329,-0.4583609395565201
330,-18656.059627261897
331,-10262.41600455024
332,-2.766440360448833
333,-0.9959487016330324
334,-1.012966536390252
335,0.8263188728322481
336,-7786.733610974673
337,-1.6303087396026366
338,1.1585777572991656
339,-10601.166774780671
340,0.014634870530239511
341,-5511.839578090075
342,-607.2419704971122
343,688.1679579978339
344,-0.8223529858700241
345,-0.3661587036138765
346,-5678.674409807508
347,1.6259136199860962
348,-0.25156108417251893
349,-4864.04467890599
350,-3.387108285955278
351,3.7134426682751025
352,1.1594541933448645
353,-0.16045650437522035
354,-0.13798947137883966
355,-688.201867436839
356,-3024.9724715646207
357,0.3641695499364857
358,0.04757613788322237
359,0.10255246930856543
360,1.8251165413813957
361,-1718.5280510476155
362,-2.6086532036569836
363,1.1581045294911412
364,-1.8874060380095248
365,-1629.1656214047596
366,-9539.831604141824
367,0.005556471935286584
368,-6879.467253782144
369,-0.5168055540537171
370,-1.6860994945590326
371,-0.25156108417251893
372,-0.9959487016330324
373,-0.25156108417251893
374,-6692.325671999984
375,0.8263188728322481
376,0.6752016639018298
377,-7.640815723492214
378,-3836.733720596041
379,-5925.879562854705
380,3.2164998015629296
381,-1.6303087396026366
382,0.3428961386107854
383,-78.87373823809482
384,-2.27425286467686
385,-1.1215647477901074
386,-7218.3830634580945
387,-4702.84076669743
388,0.4072696697513621
389,-2.508012225199254
390,-0.4303949205886414
391,0.4554382364890194
392,-4404.796973362736
393,0.5774859758178287
394,-14991.694088749397
395,-7225.939463589978
396,-0.3156085330295189
397,-52.06469247103
398,-0.38786490174222643
399,-3773.0866755468965
400,0.04757613788322237
401,0.8418938585862444
402,-0.024375630972848693
403,1.1105966931653322
404,-0.38786490174222643
405,-0.2147929180802575
406,0.4173160635067965
407,0.40447697143759753
408,-0.7131115415324166
409,0.2872577002752058
410,0.34424116829476203
411,1.5503875295924752
412,-0.38786490174222643
413,0.023324741416541298
414,-7303.4861060086605
415,-0.016127169708356027
416,0.7486138846990621
417,-0.3447014014328677
418,-1.6303087396026366
419,-0.5464361006529836
420,-0.25156108417251893
421,-0.8858553750792962
422,-2.2437321645733723
423,-720.2256170119041
424,-0.13798947137883966
425,-2.118000861227533
426,3.0503212783453444
427,0.023324741416541298
428,-3.709239927745946
429,0.46878046165219334
430,-0.024375630972848693
431,-0.9311960893929284
432,-0.5396991759924172
433,0.023324741416541298
434,-0.12893742345665873
435,-2892.335929251162
436,-6498.002922507946
437,-0.640995151362314
438,0.023324741416541298
439,-19142.180006793573
440,-460.5141028095237
441,-0.5396991759924172
442,-1.6303087396026366
443,-0.35121412080280917
444,-4.250951769359741
445,-6510.31796262631
446,0.3417919893774775
447,-1.0345491611021937
448,0.12638206775273547
449,-2.7299001067587167
450,1.5503875295924752
451,-737.2745075930724
452,-0.2553815898217461
453,-1345.9284212675077
454,-2.046573164158467
455,-0.2973456355674802
456,-1946.1395303569793
457,-2.766440360448833
458,-9.088185243750436
459,-0.30646927900069804
460,-3866.896198872966
461,-0.051362747617079534
462,0.10255246930856543
463,-4100.8681002857
464,-15069.663563306358
465,-1.0246507436002472
466,1.2896572464109002
467,-1.0345491611021937
468,-0.06640617033355069
469,-11480.259992251356
470,-0.735979194279613
471,-0.7131115415324166
472,0.5769341892863284
473,-9014.03938022038
474,1.60268350667225
475,-401.64486799533245
476,0.8263188728322481
477,-0.13798947137883966
478,0.4173160635067965
479,0.4173160635067965
480,3.0252456464877207
481,0.22120895847089347
482,-11947.615802698927
483,-0.9643372395271164
484,1.5169327067406586
485,-5654.937349826653
486,-2.265528642543907
487,-0.13798947137883966
488,3.0503212783453444
489,-0.295163379106354
490,1.5503875295924752
491,0.8268408063463647
492,-0.22512229064068434
493,-6830.7530501904685
494,-6187.878499972587
495,-12531.293037463109
496,-1364.654610272935
497,0.7486138846990621
498,-0.13798947137883966
499,2.9920807802102622
500,-0.24121215512183425
501,-10104.637779149332
502,-7413.474557653568
503,-1.890212211012862
504,610.8666455459853
505,-0.9928174671462585
506,-10698.886741717964
507,0.4173160635067965
508,68.89435661543988
509,0.04757613788322237
510,0.8348456608592105
511,0.12746927589967894
512,-14132.154380021468
513,5.994414688011699
514,0.6254633125153638
515,0.7193739225991764
516,0.023324741416541298
517,0.3428961386107854
518,-3.709239927745946
519,-1.2304947710113603
520,0.3428961386107854
521,-0.30646927900069804
522,-3.709239927745946
523,-0.295163379106354
524,-4911.588660898546
525,3.0503212783453444
526,-70.61397251302816
527,-1.8527246795271675
528,-1.2304947710113603
529,0.2187413946479078
530,0.8127626355473943
531,0.8263188728322481
532,-1501.6942809431055
533,-1.6303087396026366
534,-0.7131115415324166
535,-0.22079309897901808
536,379.8040571428581
537,-0.0699572006420886
538,-34781.194696341285
539,-3776.945849375507
540,-0.7131115415324166
541,-5302.48410985512
542,-200.96238424165978
543,-1.094241170557786
544,4.001321048013916
545,-1.0891878182846628
546,2.9947090554757887
547,-2445.943519742477
548,2.2603485756167663
549,1454.4792044548904
550,0.7193739225991764
551,0.8348456608592105
552,-1.3584571915985129
553,-0.30646927900069804
554,0.10255246930856543
555,-0.7730426272280001
556,-3615.655855653949
557,0.8765155156845182
558,-0.38786490174222643
559,0.2187413946479078
560,-1.012966536390252
561,-1.8749281349864608
562,-268.9030655714284
563,2011.4094626538035
564,-5654.536340055321
565,-15415.726463080442
566,-6674.461264589557
567,0.31014150983893723
568,0.03726299094580343
569,-0.863329089056137
570,1.1112818770382291
571,-5110.653458849562
572,15.278004944682047
573,-12597.103607157213
574,0.8263188728322481
575,8101.494694072031
576,-0.7131115415324166
577,-0.36619419748808646
578,-17806.710833940084
579,0.10255246930856543
580,-0.13798947137883966
581,-0.3156085330295189
582,-1810.7217752414538
583,2.4455069040413915
584,-8062.589767556447
585,-4223.225418984129
586,-4349.549215979717
587,0.1986768396353455
588,0.8348456608592105
589,0.4173160635067965
590,-0.10835768269369675
591,-11698.866661190485
592,-4.862765094095625
593,0.3641695499364857
594,-4306.563539412033
595,0.3301780623330083
596,-4838.926592160455
597,1524.8474651139006
598,0.4554382364890194
599,377.3872086587298
600,-11191.995767592787
601,1.3957891097482662
602,0.8765155156845182
603,-0.7131115415324166
604,-0.046812051366773584
605,-0.7935657807652459
606,0.6395446349487603
607,0.3301780623330083
608,0.4554382364890194
609,-0.5396991759924172
610,-0.30646927900069804
611,-2.896295952530814
612,0.6534324539237736
613,-779.3278387359296
614,0.12638206775273547
615,0.023324741416541298
616,-6263.117958109685
617,-4.577732189155025
618,-7078.292993722564
619,-18753.464946682554
620,-621.7098656955675
621,1.1112818770382291
622,-0.30809467026573517
623,0.12638206775273547
624,0.7297526026999225
625,-2.717002305727273
626,696.0449954341448
627,1315.6629890079646
628,0.4221691477371204
629,-5780.381617307503
630,-4497.353550998344
631,0.6395446349487603
632,-0.3357414819817408
633,0.04757613788322237
634,0.2187413946479078
635,-4.500084024577949
636,-9995.221060924505
637,-1.324597734611952
638,-7621.495837400453
639,397.66791265872996
640,0.1986768396353455
641,-22392.19699599671
642,-15392.93664370978
643,1.1128355804094407
644,-0.9928174671462585
645,0.4554382364890194
646,-1.9900910121813782
647,-0.38211002865808785
648,-0.5396991759924172
649,-2.2474824785921768
650,-1.1913069732968327
651,-2.896295952530814
652,2.2005113672535255
653,1.6294697716719886
654,-6361.105348007464
655,-13252.891805666644
656,-31857.33060516839
657,0.17171052806646217
658,-0.06640617033355069
659,-2.800011463074099
660,-0.3357414819817408
661,0.04757613788322237
662,-0.5578093482931841
663,866.5807963896102
664,-1.0891878182846628
665,-6226.857715507945
666,0.392875188649448
667,-1.4876720133367654
668,-1.2304947710113603
669,-5377.06414515445
670,-8752.362588791362
671,-11364.441350380937
672,-0.640995151362314
673,-0.38786490174222643
674,-3675.144187356445
675,0.22120895847089347
676,-0.12893742345665873
677,-0.958276697930099
678,-7227.770695124766
679,1.4295165750534138
680,0.3857208756530535
681,-1.4549159326276204
682,-0.04869702617281823
683,-0.6880262859299032
684,-7871.682580463769
685,-7413.474557653568
686,0.4072696697513621
687,-0.12893742345665873
688,0.6879345306185373
689,-0.7131115415324166
690,0.3428961386107854
691,-4.59608150478365
692,-275.7885213166521
693,-31885.65515656401
694,-20038.612949813203
695,-15192.831343171687
696,124.36708984530216
697,28.718445914297863
698,0.12809598123296909
699,-1.6303087396026366
700,0.8263188728322481
701,-0.7131115415324166
702,0.9453465393990033
703,-0.9928174671462585
704,-0.8579955256066467
705,-1.012966536390252
706,-2659.729924080839
707,-3231.289858902359
708,-2.186444143441834
709,-2.7299001067587167
710,-19290.105613333373
711,-0.9643372395271164
712,-17188.69680197981
713,0.2004941297502706
714,1.5512044916385128
715,-0.34354110923715886
716,0.2187413946479078
717,1.3226520475009278
718,-0.7141979185016045
719,-3264.2315500668524
720,0.4072696697513621
721,2.866600563913888
722,0.04757613788322237
723,0.2004941297502706
724,0.3428961386107854
725,5.242747267825685
726,-11880.308862333372
727,4.198033036651588
728,0.4747919584797943
729,-4.59608150478365
730,0.8263188728322481
731,-0.5168055540537171
732,-1.012966536390252
733,-2.953718919956698
734,-0.7131115415324166
735,0.4554382364890194
736,-14825.882083338955
737,0.3641695499364857
738,-1.5515698279458183
739,-3.2846429271164523
740,-0.0699572006420886
741,0.023324741416541298
742,-1.6303087396026366
743,-15441.988173080448
744,-1.6303087396026366
745,0.8765155156845182
746,0.023324741416541298
747,-6427.848042888219
748,1.1112818770382291
749,0.2187413946479078
750,-0.38211002865808785
751,0.2187413946479078
752,-7017.313608889218
753,-1825.1170783163175
754,0.33987601930861766
755,-1.324597734611952
756,0.915194657797916
757,838.9052945990481
758,2.0621099307499158
759,-0.12893742345665873
760,-0.4483408240549858
761,-1.1426811274928168
762,-0.5396991759924172
763,-1.1426811274928168
764,-4.858990345571573
765,-2.717002305727273
766,0.4554382364890194
767,2.229508048781506
768,1.3496419995225295
769,-8735.208863774695
770,-0.8843507762690436
771,-0.3357414819817408
772,-11854.63696127037
773,1.6807704817850149
774,-1454.2518747142858
775,-7913.8906433659695
776,-0.5464361006529836
777,-5047.689944938374
778,-0.7314209988257399
779,0.22120895847089347
780,-0.25156108417251893
781,0.7193739225991764
782,1.1049699397738812
783,0.2004941297502706
784,0.8348456608592105
785,176.2516995935539
786,-0.13798947137883966
787,-3.533783404486091
788,0.5204971230141558
789,-0.25156108417251893
790,-1.0891878182846628
791,-17101.965828563534
792,2.866600563913888
793,-0.8266143824694843
794,-0.8266143824694843
795,-0.3156085330295189
796,-10101.848929454916
797,-7285.794373544242
798,-2.6012169131265774
799,1.4295165750534138
800,3.0402918176600617
801,-7423.770749831289
802,-0.4868393466812357
803,-181.04279046031846
804,0.2765226199758862
805,0.4173160635067965
806,-17891.72380600007
807,-0.295163379106354
808,1.5503875295924752
809,0.12638206775273547
810,-0.8266143824694843
811,-7702.354594666669
812,0.04407307571328387
813,-0.295163379106354
814,-21358.66581733341
815,867.7022928841784
816,-2694.08839654803
817,-0.0699572006420886
818,-0.25156108417251893
819,-18873.391084527437
820,-0.25156108417251893
821,-1.2805485376062093
822,-21358.66581733341
823,-0.3357414819817408
824,-0.12893742345665873
825,0.187751164082337
826,-33958.921206935294
827,-0.3357414819817408
828,0.2004941297502706
829,0.915194657797916
830,-0.30646927900069804
831,977.5973480074877
832,0.023324741416541298
833,0.7812510211279713
834,-0.12893742345665873
835,0.7486138846990621
836,1.6113424805647727
837,3378.1654943234785
838,0.22120895847089347
839,-13317.466709868413
840,0.05085341411811223
841,-2.766440360448833
842,0.1422662727137635
843,-0.3156085330295189
844,0.161287834652042
845,0.8765155156845182
846,-2261.3321890998345
847,0.023324741416541298
848,-7.85545892967079
849,-4.5623316829313705
850,0.4173160635067965
851,-0.13798947137883966
852,-0.295163379106354
853,1.5837760839809978
854,0.04757613788322237
855,-18897.37590952744
856,-2785.8591582227205
857,-573.1330232308139
858,-10492.246521222161
859,0.3301780623330083
860,-7139.858652920971
861,0.2004941297502706
862,0.023324741416541298
863,-1.5515698279458183
864,-0.05848640512659847
865,1.1049699397738812
866,-7722.535521786389
867,0.04757613788322237
868,-2.2056390459235744
869,-4.59608150478365
870,-545.3251021428566
871,0.8263188728322481
872,0.6254633125153638
873,-0.38786490174222643
874,-0.33436090249822736
875,-0.38786490174222643
876,-1.1913069732968327
877,-0.5396991759924172
878,0.915194657797916
879,-2.766440360448833
880,-1.6303087396026366
881,-1.9926081209981177
882,0.0021637768212429604
883,-969.1657201468262
884,-10086.660482102956
885,-2554.5797520476162
886,1475.6856543967283
887,-12388.353272784256
888,-306.2086384424774
889,-50.09240626423908
890,-3.202868477711389
891,-0.5168055540537171
892,-7427.601249282377
893,-4.464780866748679
894,-6669.694073936384
895,-1.0891878182846628
896,-1.8874060380095248
897,0.06926379169232313
898,-3648.3279963741074
899,-0.25156108417251893
900,-4318.6906501757
901,-4198.747839652814
902,1.1594541933448645
903,0.22120895847089347
904,0.348726370572491
905,1.1112818770382291
906,2.544829849747977
907,1.3496419995225295
908,-2261.386131322057
909,-0.07248433686484029
910,-7.640815723492214
911,-0.4483408240549858
912,-8115.670699203124
913,-0.295163379106354
914,0.10849101877141742
915,0.6395446349487603
916,-2901.1913499217517
917,3.545700639015268
918,0.4072696697513621
919,0.22120895847089347
920,-17291.404635752606
921,505.63974788263846
922,2.6464138027515154
923,-8027.033654907347
924,-2.6449500439173113
925,0.8263188728322481
926,0.36129757027614395
927,1351.5970987470148
928,-7306.047190806494
929,1.1594541933448645
930,-3381.4908377965203
931,-16045.235343988094
932,0.023324741416541298
933,0.3428961386107854
934,-22428.687820250434
935,-6783.368677306541
936,-3378.4755754580033
937,-6695.87771338961
938,0.10255246930856543
939,0.04757613788322237
940,-7750.322323713985
941,-0.6880262859299032
942,-10299.225050733037
943,-7390.261983146233
944,0.4554382364890194
945,1.6127028801604864
946,-2.766440360448833
947,-3031.9711912783814
948,-0.3357414819817408
949,-15573.421314889933
950,-0.30646927900069804
951,0.7382342139413187
952,0.005979544753395744
953,1.1345384300382195
954,-14782.835757421279
955,-0.30646927900069804
956,1.3226520475009278
957,-0.45114038600785483
958,0.07533057603526054
959,0.3428961386107854
960,0.4554382364890194
961,0.915194657797916
962,-0.7131115415324166
963,0.4173160635067965
964,0.04757613788322237
965,0.22120895847089347
966,1.4144324999741582
967,544.2356406224309
968,-0.5464361006529836
969,-20181.139561531156
970,-1.8527246795271675
971,1.3496419995225295
972,0.8348456608592105
973,-0.9928174671462585
974,0.04407307571328387
975,-777.2919810375201
976,0.4554382364890194
977,0.3569451842218722
978,2.497320792511242
979,-20608.038242325398
980,-4313.902250175697
981,-0.30646927900069804
982,-5217.31582516059
983,-0.8545752422378917
984,0.04407307571328387
985,-0.640995151362314
986,-1.6387838139459914
987,-12552.2008121572
988,-84.16281790476262
989,0.02472969579629544
990,-0.38786490174222643
991,0.6395446349487603
992,-18860.443822774898
993,-0.5464361006529836
994,0.7176553899400367
995,0.6725051927272625
996,0.023324741416541298
997,0.04757613788322237
998,-0.9928174671462585
999,0.6879345306185373
1000,-1.1913069732968327
1001,0.5774859758178287
1002,-5718.176833193181
1003,5356.13048906345
1004,-1.3783883463418671
1005,-1.4711619961810305
1006,-0.34354110923715886
1007,0.8263188728322481
1008,-2557.393156647242
1009,2.495593056213646
1010,1.454818353792376
1011,0.21608893568406212
1012,1.4491549107982462
1013,-2.6012169131265774
1014,-5988.296640676173
1015,0.4221691477371204
1016,-0.4772593680737975
1017,0.3301780623330083
1018,2.1309025983261383
1019,0.8263188728322481
1020,-1.9767609203318264
1021,0.8765155156845182
1022,0.023324741416541298
1023,-0.046812051366773584
1024,-0.13798947137883966
1025,-0.5648153580196248
1026,-1.2304947710113603
1027,-0.5396991759924172
1028,1.1112818770382291
1029,19.3649082890977
1030,-1.6303087396026366
1031,1.76351984744417
1032,1.4156035322679292
1033,-21865.12709833332
1034,1.5503875295924752
1035,835.1167814368368
1036,-1.5515698279458183
1037,-2.766440360448833
1038,1.5503875295924752
1039,-13476.244663090592
1040,-0.8266143824694843
1041,-17637.916968122736
1042,0.3428961386107854
1043,-1.4549159326276204
1044,-15578.781200334406
1045,735.0752004410664
1046,0.10255246930856543
1047,-7664.593293593725
1048,-0.13798947137883966
1049,-1.8437974087546303
1050,-0.4483408240549858
1051,19.41348190802988
1052,-9953.863417485934
1053,1.525043591480404
1054,1.295793056957858
1055,1.5169327067406586
1056,0.04757613788322237
1057,0.3301780623330083
1058,-1398.5404438155604
1059,-7.640815723492214
1060,1.5503875295924752
1061,0.4554382364890194
1062,624.5804062816192
1063,-2848.293037066376
1064,-1.9900910121813782
1065,-1.85062355344885
1066,1.1977979344411944
1067,-3103.5017822619093
1068,-0.6262902451200185
1069,-0.7590419646861071
1070,-1.4876720133367654
1071,-0.38786490174222643
1072,1.6113424805647727
1073,0.5204971230141558
1074,-5514.792256673722
1075,-1.0305294427985443
1076,-0.13798947137883966
1077,-9992.889336666656
1078,0.6893979078667688
1079,-2.2399169999471686
1080,-604.4615938982672
1081,2.7458463262051396
1082,0.02472969579629544
1083,0.161287834652042
1084,1.5169327067406586
1085,-2.4465246092948165
1086,-11496.615643535482
1087,-0.3357414819817408
1088,-0.5168055540537171
1089,0.2672749346207506
1090,-1895.0878040131486
1091,-0.3357414819817408
1092,614.3150562587941
1093,0.8263188728322481
1094,339.5665563617284
1095,2.229508048781506
1096,0.023324741416541298
1097,0.2187413946479078
1098,405.4614086334223
1099,-0.7776456010815824
1100,-0.13798947137883966
1101,1.4295165750534138
1102,0.22120895847089347
1103,-15455.92772308045
1104,-3.533783404486091
1105,0.22120895847089347
1106,-11241.554125383815
1107,-4320.626014043759
1108,0.8107957643016507
1109,0.2672749346207506
1110,0.22120895847089347
1111,-0.4540320338455349
1112,-4240.596259440482
1113,-9181.554171588898
1114,-4087.73770092141
1115,0.3857208756530535
1116,-0.38786490174222643
1117,0.10255246930856543
1118,-0.9959487016330324
1119,-1004.7914187200587
1120,-3.8075551869129933
1121,-18010.454701321076
1122,0.023324741416541298
1123,-0.25156108417251893
1124,-5219.337469857138
1125,-2600.8045884859357
1126,0.4221691477371204
1127,-2.038584137821712
1128,-7217.398808351874
1129,-0.4480256568332067
1130,1.5503875295924752
1131,1.4144324999741582
1132,-2.5420866377518125
1133,-0.5396991759924172
1134,0.023324741416541298
1135,0.05586934185602354
1136,0.04757613788322237
1137,0.04407307571328387
1138,-11705.09086822922
1139,-5819.680161723807
1140,-3820.087389688441
1141,-1.6303087396026366
1142,-3206.8384483221366
1143,0.4554382364890194
1144,-0.7288613643587517
1145,5.242747267825685
1146,1.7948676902567784
1147,0.4173160635067965
1148,0.2004941297502706
1149,-0.05848640512659847
1150,0.12809598123296909
1151,-940.3642983333335
1152,0.04757613788322237
1153,-0.3039833788606678
1154,0.22120895847089347
1155,3125.021930030314
1156,-0.5396991759924172
1157,-1.5162044793026783
1158,0.4072696697513621
1159,-1.6303087396026366
1160,0.8765155156845182
1161,-10404.227525666656
1162,-3420.3322381892935
1163,-1.6303087396026366
1164,-0.8223529858700241
1165,-2.5333530701421116
1166,-2246.7614204649117
1167,0.24398832946561577
1168,-0.4483408240549858
1169,-3986.406837534236
1170,0.1204843623327204
1171,0.3641695499364857
1172,-5452.854676461896
1173,-0.4232187861840061
1174,1672.052881697133
1175,-1.5282999560277724
1176,5.242747267825685
1177,-23715.720200999993
1178,-6494.437573410255
1179,-15455.92772308045
1180,-4193.30180766668
1181,544.2356406224309
1182,0.31014150983893723
1183,-3004.8939271111153
1184,-1.7474194453944347
1185,-4820.276600557808
1186,1.571818691424721
1187,0.8765155156845182
1188,-15225.087338211037
1189,1.273412897708695
1190,-0.5396991759924172
1191,-7076.476778722565
1192,0.22120895847089347
1193,-3.8486381464635318
1194,-0.8940091730112628
1195,-1.1913069732968327
1196,-4629.745707222649
1197,1.7189529263541206
1198,0.1986768396353455
1199,-3010.0706434048116
1200,-1340.6293862698403
1201,2.069498202958217
1202,-489.7880029012276
1203,0.3857208756530535
1204,-5461.111596152378
1205,-0.5396991759924172
1206,68.23143444724715
1207,-0.31437582830471933
1208,-0.05848640512659847
1209,0.005556471935286584
1210,-3.6041348973748755
1211,-2667.158046619824
1212,-0.9928174671462585
1213,0.2672749346207506
1214,1.3496419995225295
1215,1.1128355804094407
1216,-18429.40879499184
1217,-2028.5152940678313
1218,-767.067577952707
1219,-1.4549159326276204
1220,-1.5162044793026783
1221,-0.863329089056137
1222,-395.94416756590465
1223,-3.4999373998224526
1224,-3488.101095426181
1225,-0.8331599381408056
1226,-11147.238494011679
1227,-3.1965900013896067
1228,-16872.584091030345
1229,-962.7831263722944
1230,863.5254261512005
1231,0.7669026740090502
1232,1.1128355804094407
1233,-0.7776456010815824
1234,-3221.2486779750166
1235,-4.862765094095625
1236,13.455875599612938
1237,-0.7131115415324166
1238,1.0333093869179482
1239,-4.070711524131807
1240,147.70935471861506
1241,0.6196825002427964
1242,-1.780982058830566
1243,0.22120895847089347
1244,0.2187413946479078
1245,-4.577732189155025
1246,-0.5396991759924172
1247,-1.0891878182846628
1248,-1.6303087396026366
1249,-0.15907365536175286
1250,-2724.2947290289494
1251,-15122.412155139948
1252,-2.447547189804911
1253,1.1594541933448645
1254,1.1581045294911412
1255,1.5837760839809978
1256,34.52167124122519
1257,1.1112818770382291
1258,-11734.575941071887
1259,-23387.585441476185
1260,-27221.5197505678
1261,-4838.05533672058
1262,4.101744141664068
1263,-26406.20642930163
1264,-0.43578216346092613
1265,0.24794948915274975
1266,-2432.3669019338754
1267,-3.0007639025836066
1268,0.3641695499364857
1269,0.4554382364890194
1270,331.8408489444443
1271,1.295793056957858
1272,-3.27243229488764
1273,0.04757613788322237
1274,-17072.25559256434
1275,-0.3357414819817408
1276,-344.82844186868806
1277,1.1112818770382291
1278,-1.1914853300020178e-5
1279,-7216.267677791417
1280,2.0621099307499158
1281,0.5513457764490296
1282,-14395.947705983262
1283,0.04757613788322237
1284,-2.2488561182887428
1285,0.7430540459861127
1286,-2.7048678854072117
1287,-7790.8706607662325
1288,0.22120895847089347
1289,0.3301780623330083
1290,0.12809598123296909
1291,-1794.9430766666671
1292,-0.5396991759924172
1293,-0.6880262859299032
1294,0.4554382364890194
1295,0.22120895847089347
1296,0.023324741416541298
1297,-0.3357414819817408
1298,-2.6012169131265774
1299,-4336.2456312278555
1300,-2604.7737257142817
1301,-4351.226240469282
1302,0.6395446349487603
1303,-0.0699572006420886
1304,-3.8771273264993775
1305,1.3226520475009278
1306,0.4173160635067965
1307,1.571818691424721
1308,1.3496419995225295
1309,0.2806617263932732
1310,-0.25156108417251893
1311,-1.4876720133367654
1312,185.8502415930644
1313,-21129.921248965387
1314,-1.4711619961810305
1315,-2928.3335048701156
1316,-1.828565461269522
1317,0.7102537318014139
1318,-16898.020671013765
1319,0.5769341892863284
1320,-1.9565843711611115
1321,-20129.635106545113
1322,0.18459559142169418
1323,0.8765155156845182
1324,0.023324741416541298
1325,-0.4057024466065165
1326,-0.38786490174222643
1327,-0.10835768269369675
1328,-2756.7403321396637
1329,-0.22079309897901808
1330,-0.4167234518027216
1331,-3.533783404486091
1332,-0.36612725176662064
1333,-0.43578216346092613
1334,0.5774859758178287
1335,1.5503875295924752
1336,-0.31437582830471933
1337,-5925.802644782624
1338,-0.9959487016330324
1339,1.5512044916385128
1340,0.620792779712361
1341,1.5503875295924752
1342,0.9445634856702539
1343,-13085.732022601713
1344,-0.8266143824694843
1345,-12469.343101992708
1346,0.3857208756530535
1347,-0.25156108417251893
1348,2.0537930254487615
1349,-8228.127112275712
1350,2.866600563913888
1351,0.023324741416541298
1352,-16603.694735775658
1353,-0.38211002865808785
1354,70.01541019032511
1355,-380.9455755293634
1356,0.7486138846990621
1357,552.2622261995368
1358,-14164.315619908462
1359,-1.0891878182846628
1360,-12587.594029129772
1361,-2.800011463074099
1362,-2857.495714278901
1363,0.471050655727556
1364,-0.7776456010815824
1365,-0.8266143824694843
1366,-12597.103607157213
1367,2.810317768296925
1368,-0.25156108417251893
1369,0.22120895847089347
1370,-2268.783707510153
1371,-3757.3242388214244
1372,-5113.494596563015
1373,-0.9311960893929284
1374,-4.007237138550348
1375,-0.295163379106354
1376,-0.640995151362314
1377,0.8348456608592105
1378,-12231.181720879467
1379,88.50650488888863
1380,-2.81907802286837
1381,2.0621099307499158
1382,-3159.214748768383
1383,0.915194657797916
1384,1.571818691424721
1385,-0.051362747617079534
1386,-2.1186149359557755
1387,-2738.2665796995016
1388,-6969.7317644971945
1389,-0.5396991759924172
1390,-1.9900910121813782
1391,-3913.091298095229
1392,-1.4178940721383522
1393,-0.7131115415324166
1394,1.571818691424721
1395,-0.7131115415324166
1396,-0.45114038600785483
1397,-1.17488282373929
1398,0.5739900558987542
1399,-0.25156108417251893
1400,1.4295165750534138
1401,1756.6883251781192
1402,0.8765155156845182
1403,-3268.9951314633067
1404,-0.38786490174222643
1405,-0.30646927900069804
1406,207.59091339161859
1407,-0.5464361006529836
1408,0.34424116829476203
1409,0.12746927589967894
1410,-8463.387117160133
1411,0.6197143271681278
1412,-2.6012169131265774
1413,-2285.98436677477
1414,-0.7926253197971542
1415,0.04757613788322237
1416,-1.2684024371869909
1417,-3088.6469865805357
1418,-0.4483408240549858
1419,-2446.8897138095203
1420,1.1112818770382291
1421,0.8263188728322481
1422,-0.7131115415324166
1423,3276.479083967472
1424,-1293.172606619047
1425,2362.1703335163766
1426,0.5774859758178287
1427,-3185.0649321836645
1428,0.19113416998609314
1429,1209.0760863096223
1430,-3992.373506098257
1431,6.025326359016957
1432,0.3301780623330083
1433,-3.0533161659374035
1434,-1.0019392510305827
1435,-10758.28680527155
1436,-18373.060531801588
1437,-1.1913069732968327
1438,-3676.1273388920413
1439,-4950.559566466659
1440,-2.6012169131265774
1441,-9143.955234787645
1442,0.8303520369728531
1443,-0.7131115415324166
1444,-0.09696873597350866
1445,-0.30646927900069804
1446,0.38007766194205506
1447,3.763815656433348
1448,2.0621099307499158
1449,1.7872757545119333
1450,-1.0337228114145012
1451,-1.0345491611021937
1452,0.10255246930856543
1453,-1229.7186991110568
1454,-3192.106727222232
1455,77.30077372646298
1456,-2646.928736685702
1457,-1.3584571915985129
1458,0.2187413946479078
1459,-0.295163379106354
1460,-5312.379449153999
1461,0.2004941297502706
1462,1.2700308285306967
1463,-0.7730426272280001
1464,-0.07248433686484029
1465,-2.044427452128341
1466,0.22120895847089347
1467,-2821.342082358241
1468,-3909.085004797192
1469,-1135.608916018757
1470,-1.2304947710113603
1471,-6878.810420828733
1472,0.3301780623330083
1473,0.023324741416541298
1474,3.0503212783453444
1475,-0.38786490174222643
1476,-3231.4856837265525
1477,-5119.788606452378
1478,0.1953298888233758
1479,-0.9928174671462585
1480,2.9206462876401473
1481,-1.9089233821722962
1482,-0.5396991759924172
1483,-1761.4467339172963
1484,-0.25156108417251893
1485,-0.7131115415324166
1486,0.915194657797916
1487,-8054.634006833034
1488,0.8418938585862444
1489,0.2187413946479078
1490,-7765.5700064072535
1491,-0.4303949205886414
1492,-2377.453191833337
1493,-0.640995151362314
1494,-0.05848640512659847
1495,-641.3730844761897
1496,-14248.175704190493
1497,-677.3820282619048
1498,0.12809598123296909
1499,-10554.904051555264
1500,224.85748335113027
1501,-6444.1630329209
1502,0.22120895847089347
1503,2.9947090554757887
1504,1.9921813767499572
1505,-0.7301514720534897
1506,-6264.631008109685
1507,-0.295163379106354
1508,-1043.1735847124198
1509,477.19489999628615
1510,200.83948541766674
1511,1.4295165750534138
1512,0.5986415265728576
1513,1.5503875295924752
1514,0.4221691477371204
1515,-0.3156085330295189
1516,0.9253917668363428
1517,40.507230252759406
1518,-4.858990345571573
1519,-0.34354110923715886
1520,0.8263188728322481
1521,-2603.282142596467
1522,1.5503875295924752
1523,-267.0470235786432
1524,0.04757613788322237
1525,-14432.175255354834
1526,-1314.1998473458664
1527,-0.5396991759924172
1528,702.399916755093
1529,1.1581045294911412
1530,-2.447547189804911
1531,285.95018261111176
1532,2.242247522778538
1533,0.3641695499364857
1534,0.471050655727556
1535,1.3496419995225295
1536,-3279.9674383809597
1537,61.36307693931061
1538,-4.584837250231013
1539,-447.0863784444441
1540,-2.6449500439173113
1541,-5637.525877759548
1542,-5266.912461424911
1543,0.3641695499364857
1544,0.4554382364890194
1545,-7.640815723492214
1546,-28599.42135918793
1547,0.023324741416541298
1548,1.5169327067406586
1549,0.4554382364890194
1550,1.4063506873656804
1551,-8741.52087502157
1552,0.023324741416541298
1553,-2301.8109053668804
1554,-18299.246859635707
1555,-1450.7299735533943
1556,-2.6449500439173113
1557,0.8268408063463647
1558,-30599.39727809524
1559,2.229508048781506
1560,1.1105966931653322
1561,-1.2304947710113603
1562,-0.38786490174222643
1563,-1.8415223910494378
1564,1.4295165750534138
1565,-0.6928908928709413
1566,-2.896295952530814
1567,-0.5396991759924172
1568,0.45688177510929745
1569,-1.1462507778559978
1570,-0.12893742345665873
1571,-3987.7489062189375
1572,-13538.47411909063
1573,-4829.41995179999
1574,-4.59608150478365
1575,-6.245233881156995
1576,-0.06303169742857204
1577,1.1581045294911412
1578,-0.9959487016330324
1579,1.5169327067406586
1580,-8376.140486724058
1581,-0.295163379106354
1582,-2.896295952530814
1583,-1.6303087396026366
1584,-0.25156108417251893
1585,0.2187413946479078
1586,-7893.939804047619
1587,1.7717145943685304
1588,-0.295163379106354
1589,-2.4465246092948165
1590,-7660.311655833035
1591,0.2187413946479078
1592,-0.12893742345665873
1593,-12479.235769657203
1594,-20995.200087337696
1595,0.8348456608592105
1596,-9246.639835987527
1597,0.7486138846990621
1598,-5636.369927125346
1599,-1103.300805
1600,-0.30646927900069804
1601,1.5837760839809978
1602,-4454.059780202169
1603,0.3641695499364857
1604,0.915194657797916
1605,-1.4711619961810305
1606,-3.709239927745946
1607,0.3428961386107854
1608,0.22120895847089347
1609,-0.3357414819817408
1610,0.39404527150314295
1611,-12648.855776862762
1612,-4.500084024577949
1613,-5129.691538734429
1614,-3033.7941948979546
1615,3318.697203841977
1616,-0.38786490174222643
1617,-3.3866009362422194
1618,-17830.067878777754
1619,-0.3101363577428917
1620,1.1112818770382291
1621,-25748.150397079444
1622,0.04407307571328387
1623,-410.7485594177894
1624,-5.76221635619566
1625,-1391.9978989540089
1626,-0.2959770054224207
1627,-0.3309663757809973
1628,-1649.9239399816774
1629,-17763.408005555575
1630,1.5169327067406586
1631,0.023324741416541298
1632,-1.2660639872413098
1633,2.834649687795049
1634,-0.5396991759924172
1635,-27080.02037111114
1636,-0.12893742345665873
1637,-0.12893742345665873
1638,-5774.297383239177
1639,-0.5168055540537171
1640,-15392.461187001067
1641,-5548.576814197736
1642,0.023324741416541298
1643,-0.2570534485545278
1644,1911.6409958724494
1645,0.5950590047956298
1646,0.10531173064337794
1647,2.444170252989651
1648,-0.05848640512659847
1649,-1.0573971332126861
1650,0.023324741416541298
1651,-6579.342121719363
1652,-15576.264259889933
1653,-4283.327331006838
1654,-12621.870841862765
1655,3.0252456464877207
1656,-1.4711619961810305
1657,-2.6012169131265774
1658,-1.8527246795271675
1659,0.04757613788322237
1660,-3.24386587271803
1661,-1.6303087396026366
1662,-0.05848640512659847
1663,-0.30646927900069804
1664,1.1600108796120874
1665,-0.051362747617079534
1666,-11047.071237545808
1667,-14954.079217234888
1668,1.4144324999741582
1669,0.5739900558987542
1670,1.6113424805647727
1671,-1599.626699753245
1672,-6416.029260006363
1673,-5627.751300239169
1674,-1313.8192544761937
1675,0.1986768396353455
1676,0.31014150983893723
1677,-283.28412032611925
1678,-1.6722079170412925
1679,-13833.197466384701
1680,-0.34354110923715886
1681,1.4295165750534138
1682,0.10255246930856543
1683,0.24794948915274975
1684,0.04757613788322237
1685,-0.9643372395271164
1686,-1.4549159326276204
1687,-0.3156085330295189
1688,0.7193739225991764
1689,0.04757613788322237
1690,0.4072696697513621
1691,-0.25156108417251893
1692,-3274.3488512222334
1693,0.12809598123296909
1694,-7219.755998447625
1695,-853.6976621199251
1696,0.8263188728322481
1697,1177.0171148095226
1698,1.1049699397738812
1699,0.10255246930856543
1700,-2294.0637429026765
1701,0.18459559142169418
1702,-4.439546376876787
1703,-5311.348131098992
1704,0.12638206775273547
1705,-2.595641858978963
1706,-35074.98063986336
1707,-0.04869702617281823
1708,-2181.926740648668
1709,0.963857785575813
1710,-0.295163379106354
1711,-3132.3510155255967
1712,1.5512044916385128
1713,-0.30646927900069804
1714,0.5274380949439897
1715,-4047.1707387936426
1716,1.4063506873656804
1717,-9293.71564046492
1718,-6370.61368946852
1719,0.31014150983893723
1720,0.8348456608592105
1721,-5057.91872735931
1722,-1.6972518997044022
1723,-1243.4252043849317
1724,-19006.596911999946
1725,-5993.644014095245
1726,-1.6722079170412925
1727,0.8263188728322481
1728,0.21430747668618325
1729,0.31014150983893723
1730,0.38007766194205506
1731,0.8263188728322481
1732,-692.1242182842695
1733,-0.25156108417251893
1734,1.8360142259537093
1735,0.30944220905379743
1736,-23581.42449115114
1737,0.2672749346207506
1738,4.8504997526059395
1739,2.229508048781506
1740,0.8348456608592105
1741,1.5503875295924752
1742,-3528.85433885186
1743,60.347473539682134
1744,608.701568919461
1745,-0.30646927900069804
1746,-0.38786490174222643
1747,0.023324741416541298
1748,-1116.812365718906
1749,-2540.191697051717
1750,-1033.7718272720701
1751,-0.3357414819817408
1752,-1.4876720133367654
1753,0.04757613788322237
1754,0.4554382364890194
1755,0.4173160635067965
1756,-0.9280207100608122
1757,-2759.5831156922645
1758,0.38007766194205506
1759,1.4063506873656804
1760,0.7297526026999225
1761,0.3301780623330083
1762,0.915194657797916
1763,0.2765226199758862
1764,-5216.942509401098
1765,-1.1426811274928168
1766,-1.4711619961810305
1767,0.31014150983893723
1768,-24901.875517706223
1769,-863.0691673333351
1770,-0.684940408090164
1771,-8831.059881100105
1772,-1.6722079170412925
1773,0.18459559142169418
1774,-1.4876720133367654
1775,-0.295163379106354
1776,-0.8942404764631829
1777,-26914.627155523813
1778,-0.05848640512659847
1779,-0.12893742345665873
1780,-0.2570534485545278
1781,-6739.694198999999
1782,-7784.4053249285325
1783,-7618.429699622676
1784,-4151.930653577726
1785,0.4221691477371204
1786,0.7752534161665522
1787,-0.38211002865808785
1788,-21795.85784668403
1789,1.3496419995225295
1790,939.4037888311723
1791,-6670.237311842594
1792,-0.10835768269369675
1793,-14666.253283450023
1794,-4229.730833142855
1795,-1.9900910121813782
1796,-19623.656640959707
1797,-0.12194941029178404
1798,-5683.644474286587
1799,-0.5396991759924172
1800,-4124.092121506915
1801,1.1581045294911412
1802,-0.024375630972848693
1803,0.4554382364890194
1804,0.6395446349487603
1805,2.2005113672535255
1806,-2463.1961096842665
1807,0.3428961386107854
1808,-1.585535953919134
1809,-5361.286860362053
1810,-3617.5298256539477
1811,0.04757613788322237
1812,0.22120895847089347
1813,0.8263188728322481
1814,0.023324741416541298
1815,0.06073723712163024
1816,-1.8262733032234237
1817,-5010.484596436945
1818,0.2187413946479078
1819,-0.8266143824694843
1820,-302.62251826132876
1821,-0.7314617496457047
1822,0.3857208756530535
1823,-3451.537907808704
1824,-0.5396991759924172
1825,-3899.1030097255384
1826,-8975.757940855077
1827,-0.640995151362314
1828,-6905.595613527417
1829,2.6464138027515154
1830,-13020.35590846027
1831,-1.0891878182846628
1832,-0.3357414819817408
1833,1988.280000776118
1834,0.8263188728322481
1835,-61.776669406468905
1836,-1.411906829615435
1837,-1.0246507436002472
1838,-0.7255498878252112
1839,-33645.59180008741
1840,-0.9928174671462585
1841,-0.24121215512183425
1842,-1.6303087396026366
1843,-7793.600650974689
1844,-3157.846454857138
1845,1.295793056957858
1846,0.38007766194205506
1847,-7181.437001972778
1848,0.12809598123296909
1849,0.8775212839760742
1850,-11601.75636567101
1851,0.4072696697513621
1852,-12251.78489221892
1853,0.22120895847089347
1854,0.2187413946479078
1855,0.7193739225991764
1856,-1998.7297383398338
1857,-119.68327225034265
1858,-13012.001035357176
1859,0.0804188038298499
1860,1.5512044916385128
1861,-0.5396991759924172
1862,0.10255246930856543
1863,-3032.9801542550886
1864,0.22120895847089347
1865,-10992.460836379825
1866,-1620.2644442812268
1867,-0.06303169742857204
1868,-292.9600456377202
1869,1.3113342056842217
1870,1.1128355804094407
1871,0.023324741416541298
1872,0.4554382364890194
1873,-603.3950303452375
1874,0.22120895847089347
1875,-10089.35548166667
1876,0.04407307571328387
1877,0.3641695499364857
1878,-6074.5661097552065
1879,-1887.0380260815255
1880,-2.8654185164274106
1881,-1.012966536390252
1882,-3.0007639025836066
1883,-6789.280242492534
1884,-4.858990345571573
1885,-0.24121215512183425
1886,-3.557284605518445
1887,-856.119572710316
1888,-13762.121217541038
1889,-2.0310592303797135
1890,-2565.7494913219175
1891,-30387.42660283584
1892,-196.50108559312835
1893,0.8765155156845182
1894,-2039.467205361115
1895,0.07533057603526054
1896,-0.5396991759924172
1897,-7695.8832837139935
1898,-2.121577905512233
1899,-16950.804353773485
1900,-4630.041367222648
1901,1005.2297111528734
1902,0.22120895847089347
1903,-0.13798947137883966
1904,-7730.34343111603
1905,-2193.0479967142837
1906,0.04757613788322237
1907,3.530256027575502
1908,-10697.157442862715
1909,1.4295165750534138
1910,-1.3584571915985129
1911,-5833.255417725664
1912,-3.557284605518445
1913,-0.38786490174222643
1914,-0.31519843513362217
1915,1.5503875295924752
1916,-16897.87684103032
1917,-0.5396991759924172
1918,-2607.507427586651
1919,-7420.876806389456
1920,-1.1012925820564587
1921,-0.36612725176662064
1922,0.1204843623327204
1923,-2738.629824869822
1924,0.023324741416541298
1925,0.5739900558987542
1926,-2.1186149359557755
1927,-4891.073192748713
1928,0.17171052806646217
1929,-6942.955139238133
1930,-2990.4619168601507
1931,0.04407307571328387
1932,-2303.165200843488
1933,0.7669026740090502
1934,-0.863329089056137
1935,1695.8892994072253
1936,1.3496419995225295
1937,0.023324741416541298
1938,2.899619185027692
1939,-8470.629288541497
1940,2.0621099307499158
1941,-5658.005254721969
1942,-0.8266143824694843
1943,-0.12893742345665873
1944,-0.5085090033271249
1945,-3681.0096098920435
1946,-15351.384147679744
1947,0.12638206775273547
1948,0.2187413946479078
1949,-0.3357414819817408
1950,0.6725051927272625
1951,-0.295163379106354
1952,-3705.766152792177
1953,0.4173160635067965
1954,-6638.237737333319
1955,-10567.994131222176
1956,0.3428961386107854
1957,-6.121033943843119
1958,0.12638206775273547
1959,-1.0891878182846628
1960,182.01372517409615
1961,1848.7350869016534
1962,933.0511890935107
1963,-0.13798947137883966
1964,-1.2304947710113603
1965,3.0503212783453444
1966,-1.9577490269798772
1967,0.023324741416541298
1968,1.382615687272087
1969,-0.863329089056137
1970,-3983.0120565083334
1971,0.631284363879801
1972,0.2004941297502706
1973,0.10255246930856543
1974,-2.6012169131265774
1975,-4115.60917844354
1976,-12981.885045357176
1977,-12150.095753285723
1978,-3.1883100215166795
1979,0.8268408063463647
1980,-0.4483408240549858
1981,-14722.082369593101
1982,-0.863329089056137
1983,-36086.120717361955
1984,1.1112818770382291
1985,2.429173114723268
1986,-4.577732189155025
1987,1.8675346404104634
1988,-3.987266604678811
1989,-2.1123376360206327
1990,-0.9959487016330324
1991,2.497320792511242
1992,-0.5168055540537171
1993,0.22120895847089347
1994,-6128.077009417056
1995,0.8107957643016507
1996,2.229508048781506
1997,369.3559106667777
1998,-0.9397917100173133
1999,-0.13798947137883966
2000,-1.8527246795271675
2001,0.04757613788322237
2002,-0.2147929180802575
2003,0.3301780623330083
2004,0.2265903026103909
2005,-0.06266301603828432
2006,-0.863329089056137
2007,-0.0699572006420886
2008,-6717.1400052682975
2009,1.571818691424721
2010,-0.9572518612151546
2011,-37493.635746160595
2012,-0.8266143824694843
2013,-3.294611423657536
2014,0.4554382364890194
2015,0.17171052806646217
2016,-60.58682751302821
2017,-0.10835768269369675
2018,-3242.0043760949734
2019,-19447.153033144743
2020,-1.6651664809635252
2021,-15102.733714428514
2022,-10419.91501669814
2023,-7.640815723492214
2024,0.34424116829476203
2025,-56.133761974683715
2026,-1.5515698279458183
2027,0.3428961386107854
2028,0.8348456608592105
2029,0.348726370572491
2030,-1004.3911598985509
2031,-0.9928174671462585
2032,-5627.751300239169
2033,-14684.289634021397
2034,-29058.877759728155
2035,-0.295163379106354
2036,-3.3192545932760167
2037,-298.4216277142855
2038,0.3641695499364857
2039,1.9603300363047271
2040,-1.1288231113402325
2041,-0.38786490174222643
2042,-1.012966536390252
2043,-2.6012169131265774
2044,1.3226520475009278
2045,0.8765155156845182
2046,-666.0309913465464
2047,1.1112818770382291
2048,-129.01113480952426
2049,1154.2335108522518
2050,-2167.4933499999956
2051,0.023324741416541298
2052,0.8765155156845182
2053,-0.7730426272280001
2054,-3983.0120565083334
2055,0.348726370572491
2056,-14378.178201047627
2057,-3.958925081775791
2058,-24062.015793650793
2059,-1.7092866295981293
2060,0.10255246930856543
2061,-0.46989355083972306
2062,1.295793056957858
2063,-140.18887061494246
2064,0.023324741416541298
2065,-10784.16310436146
2066,3.0503212783453444
2067,-6029.1671335722995
2068,0.04407307571328387
2069,0.4173160635067965
2070,0.3428961386107854
2071,-4980.7079077702765
2072,-10403.685586465508
2073,-1.8874060380095248
2074,-1.4323632259896553
2075,-0.5396991759924172
2076,236.8319900283906
2077,-1.1369792492942923
2078,-4.366150361899572
2079,0.20420852316277457
2080,3.0503212783453444
2081,-0.8266143824694843
2082,-1.4549159326276204
2083,-0.863329089056137
2084,-0.6033599276236954
2085,0.6970837824597845
2086,0.04407307571328387
2087,-3.2122364846840754
2088,-0.1466616539465696
2089,-0.4483408240549858
2090,218.20478260017765
2091,-9547.073256714268
2092,2.036456443641093
2093,-8.388115438381156
2094,-0.8266143824694843
2095,1.1112818770382291
2096,-0.12893742345665873
2097,0.04757613788322237
2098,1.1112818770382291
2099,0.04407307571328387
2100,-0.34354110923715886
2101,0.4173160635067965
2102,-7416.288040824243
2103,-6019.514106600727
2104,-0.38786490174222643
2105,-4592.218004573598
2106,324.4504134064136
2107,-0.3156085330295189
2108,-0.8266143824694843
2109,0.12809598123296909
2110,-11023.380744761926
2111,-11496.54310930948
2112,-0.295163379106354
2113,1.4295165750534138
2114,-13585.649935757248
2115,-0.25156108417251893
2116,-2.5333530701421116
2117,-0.38211002865808785
2118,0.3428961386107854
2119,0.8765155156845182
2120,-2.1186149359557755
2121,0.8240604620952459
2122,-1.0234376561362404
2123,3.545700639015268
2124,-1.3584571915985129
2125,-12194.221631868373
2126,-341.4693174397763
2127,-1.6303087396026366
2128,-10562.29960112406
2129,1.1112818770382291
2130,-0.7131115415324166
2131,-0.38786490174222643
2132,-1.9009548786107489
2133,2.0621099307499158
2134,-2.766440360448833
2135,0.273375071308743
2136,-10138.459828738061
2137,-13370.521979140769
2138,0.187751164082337
2139,-0.20000523947707063
2140,-0.3357414819817408
2141,-1.4711619961810305
2142,-3.709239927745946
2143,-1.6860994945590326
2144,-0.3357414819817408
2145,-0.0699572006420886
2146,-0.6742940922803566
2147,-6976.229486339839
2148,-4432.611301240269
2149,-0.3357414819817408
2150,-593.5910197661399
2151,-9932.89381628571
2152,-3506.7822974138467
2153,-1.4711619961810305
2154,-30958.60897959122
2155,-0.295163379106354
2156,1.5169327067406586
2157,-0.9928174671462585
2158,-8642.210390327657
2159,0.187751164082337
2160,0.5274380949439897
2161,0.4221691477371204
2162,-3.2375566541691057
2163,-1.0065360101936651
2164,-1.0891878182846628
2165,-7.640815723492214
2166,1.5893666349220172
2167,0.187751164082337
2168,-17510.731004848098
2169,1.3957891097482662
2170,0.5714318930625055
2171,-0.34354110923715886
2172,1.4063506873656804
2173,-0.5396991759924172
2174,-11622.665067606022
2175,-1.949068026298113
2176,0.5739900558987542
2177,17.391645782882375
2178,-2.9825625733599725
2179,-2.0976876874341848
2180,-1.144878591485789
2181,0.8765155156845182
2182,-11576.078457430716
2183,-1.8527246795271675
2184,-0.5396991759924172
2185,-2.896295952530814
2186,-1.4141412814353962
2187,-2.298327713272951
2188,4567.332977571155
2189,-1945.5690219999985
2190,-0.7131115415324166
2191,0.348726370572491
2192,-8925.723619833358
2193,-1.787361432753871
2194,-2638.48420766667
2195,-61.888763294605596
2196,-2.498848918090047
2197,1.1581045294911412
2198,0.8765155156845182
2199,0.6254633125153638
2200,-2.6012169131265774
2201,-1579.4623633511885
2202,-1.8015059324299691
2203,-8603.242220349177
2204,0.04757613788322237
2205,0.7297526026999225
2206,0.471050655727556
2207,0.6395446349487603
2208,3.501035249896597
2209,-2.5047476049302113
2210,0.4221691477371204
2211,0.023324741416541298
2212,0.3641695499364857
2213,-8925.723619833358
2214,-7.079095922539649
2215,-0.10835768269369675
2216,3.0503212783453444
2217,-4.600253827896485
2218,-7.219255059425532
2219,-4596.223694573598
2220,-1.3288406314328687
2221,-0.9941873075225516
2222,1.1231034471759058
2223,-0.06640617033355069
2224,0.33987601930861766
2225,0.8348456608592105
2226,2.7929576682618182
2227,-4667.734728114837
2228,-3.1965900013896067
2229,-0.295163379106354
2230,0.7301586799270956
2231,-2815.3878600255875
2232,3.0740460544536536
2233,-11854.63696127037
2234,0.2004941297502706
2235,-0.9311960893929284
2236,-27164.88463528131
2237,-1.012966536390252
2238,0.4554382364890194
2239,0.34424116829476203
2240,-0.43578216346092613
2241,0.14768446983913733
2242,-495.57367023809263
2243,0.8263188728322481
2244,-1.5162044793026783
2245,-0.8640280995981781
2246,-0.8266143824694843
2247,1149.8058521823482
2248,0.22120895847089347
2249,-4714.916846046607
2250,1.5503875295924752
2251,0.8348456608592105
2252,-1.4786894460141082
2253,141.2207139311589
2254,-8080.654397441572
2255,-1.5515698279458183
2256,-0.8266143824694843
2257,-17406.350777444408
2258,-0.295163379106354
2259,-0.38786490174222643
2260,-0.24121215512183425
2261,0.8263188728322481
2262,-5277.614728721362
2263,-0.3357414819817408
2264,-1.2304947710113603
2265,-0.30646927900069804
2266,1.5503875295924752
2267,1.5837760839809978
2268,1.5503875295924752
2269,1.13060521863777
2270,0.8765155156845182
2271,1.4509875492154722
2272,0.7297526026999225
2273,0.4554382364890194
2274,-35943.557898786916
2275,-0.0699572006420886
2276,-17655.48391749211
2277,-3.2122364846840754
2278,-9038.904291333327
2279,-2068.2482062744225
2280,2.5467142123769637
2281,-1.8262733032234237
2282,-3514.152569191997
2283,-3.709239927745946
2284,0.2187413946479078
2285,710.5112688860357
2286,1.492061143703147
2287,3.4587008072038454
2288,-0.5396991759924172
2289,5.242747267825685
2290,-1323.4548871077723
2291,1564.704189373732
2292,-2.3291320225752608
2293,-0.5168055540537171
2294,0.023324741416541298
2295,-4798.82972828038
2296,-0.0699572006420886
2297,-0.9572518612151546
2298,0.915194657797916
2299,-0.13798947137883966
2300,1.295793056957858
2301,-81.29931480952386
2302,1.5507218199887987
2303,-8.388115438381156
2304,-13666.947258428516
2305,0.348726370572491
2306,-3277.145746354537
2307,-0.5396991759924172
2308,0.8765155156845182
2309,1.1112818770382291
2310,1.5251916900314617
2311,-3291.424168485136
2312,-7017.313608889218
2313,-0.3357414819817408
2314,0.22120895847089347
2315,-25582.23363933342
2316,-0.5238416227759157
2317,-0.8951291916784497
2318,-0.25156108417251893
2319,382.9971626615336
2320,0.023324741416541298
2321,-0.5396991759924172
2322,1.5503875295924752
2323,-2.25537747842395
2324,0.10255246930856543
2325,-4.858990345571573
2326,2.9947090554757887
2327,-4459.194588998334
2328,-2.4304137853027243
2329,0.04407307571328387
2330,-3.709239927745946
2331,-0.9959487016330324
2332,0.6445595040579998
2333,0.4072696697513621
2334,-2198.0490232360007
2335,-0.3357414819817408
2336,3214.4195794033326
2337,-20431.156873238102
2338,0.6395446349487603
2339,1.5503875295924752
2340,-2.4465246092948165
2341,-2.766440360448833
2342,-3698.9240463827264
2343,-7064.951302189582
2344,0.24398832946561577
2345,-2.2630484726218656
2346,-9563.59828231166
2347,0.8263188728322481
2348,0.10255246930856543
2349,296.0726915780682
2350,-0.36612725176662064
2351,-3.0983699088159886
2352,-9964.638807213372
2353,-1.6722079170412925
2354,-1561.7519160000031
2355,0.31185703790274705
2356,-1859.0968993636016
2357,-31240.11439322498
2358,-1.890212211012862
2359,-8114.853658127551
2360,0.8263188728322481
2361,0.8765155156845182
2362,0.38366713133483576
2363,-18015.58527825398
2364,0.2187413946479078
2365,-0.08098266872853323
2366,-0.051362747617079534
2367,2.0621099307499158
2368,-2.766440360448833
2369,0.22120895847089347
2370,-2615.0618233258083
2371,-2061.036879583332
2372,-11675.604911333321
2373,4.402471193947029
2374,-0.30646927900069804
2375,-8741.52087502157
2376,-1389.4966946724746
2377,-1.1653927753716569
2378,-1769.0304744303603
2379,-1.8749281349864608
2380,0.8348456608592105
2381,-2.006537121589498
2382,-2904.0387960237977
2383,0.6879345306185373
2384,2.695362133757738
2385,0.2187413946479078
2386,2.229508048781506
2387,-1.8749281349864608
2388,-1895.175041999999
2389,-2718.3441901431775
2390,-7131.876793000014
2391,-0.30646927900069804
2392,0.33987601930861766
2393,1.5503875295924752
2394,-1133.7220987995047
2395,-9324.599676869706
2396,0.33987601930861766
2397,-0.3940500112466077
2398,0.18459559142169418
2399,0.2672749346207506
2400,0.12809598123296909
2401,-20486.237582758014
2402,514.3877558571422
2403,-1.6303087396026366
2404,-0.5396991759924172
2405,2.0621099307499158
2406,6.465755651050028
2407,1.571818691424721
2408,-0.8858553750792962
2409,-6878.810420828733
2410,0.12638206775273547
2411,-4727.817532615413
2412,-4125.133543443541
2413,0.4173160635067965
2414,1.3496419995225295
2415,-5822.4502169059815
2416,-4099.665270206338
2417,-0.051362747617079534
2418,0.10255246930856543
2419,-0.9959487016330324
2420,0.348726370572491
2421,1.1581045294911412
2422,-1.246151487418517
2423,-0.10835768269369675
2424,-4516.345106839447
2425,2.0519647391172584
2426,2.229508048781506
2427,-1.6724322269162788
2428,-0.3272600700760026
2429,-0.8093356844202774
2430,-0.05848640512659847
2431,-6.2356813743946
2432,-9341.11556950609
2433,0.30944220905379743
2434,-0.22079309897901808
2435,-2907.7621875238115
2436,-0.33436090249822736
2437,2.0208720058543443
2438,-657.0613019513455
2439,-0.24121215512183425
2440,0.12746927589967894
2441,-2309.642724147468
2442,-14330.588026259744
2443,-0.5396991759924172
2444,-1.1762416877708537
2445,0.08779464453032806
2446,-0.295163379106354
2447,0.5774859758178287
2448,-0.3156085330295189
2449,-0.024375630972848693
2450,15.278004944682047
2451,-6019.514106600727
2452,-0.30646927900069804
2453,1.4295165750534138
2454,0.4221691477371204
2455,-0.7131115415324166
2456,0.8765155156845182
2457,-0.12893742345665873
2458,-2.717002305727273
2459,0.2004941297502706
2460,0.04757613788322237
2461,0.4107001146947208
2462,-4629.745707222649
2463,-2707.6620272727223
2464,1.4819806013280261
2465,-1.4477278812526042
2466,-0.5396991759924172
2467,-13330.745604344618
2468,1.1581045294911412
2469,-0.7647501117906123
2470,-784.0184427608652
2471,0.8107957643016507
2472,-3907.828511476186
2473,0.8263188728322481
2474,0.6254633125153638
2475,-0.5168055540537171
2476,-1.1459192148171486
2477,-51.41782744887791
2478,-0.4483408240549858
2479,-14903.7548553304
2480,0.46033927172963396
2481,-14606.478949745962
2482,-1.3482854243106521
2483,4287.84091217627
2484,-3359.2777523797613
2485,2.0621099307499158
2486,3.0252456464877207
2487,-0.38786490174222643
2488,1.5503875295924752
2489,1.9537458602936755
2490,0.8263188728322481
2491,-0.5464361006529836
2492,-1.2304947710113603
2493,-4147.836399639576
2494,-2.7069124056001628
2495,-3258.212709095234
2496,-0.25156108417251893
2497,-36086.120717361955
2498,-35074.98063986336
2499,0.33494888078854096
2500,-6029.60608163257
2501,1.4295165750534138
2502,2.1653453903319684
2503,0.07533057603526054
2504,-15117.903218000054
2505,-13924.803064444448
2506,-0.05848640512659847
2507,-1.0305294427985443
2508,-7282.912096095208
2509,-9461.320546722227
2510,0.2541668725576859
2511,-2614.8905391538015
2512,1.5169327067406586
2513,-6263.117958109685
2514,-5029.3491574052305
2515,-1679.45472183882
2516,-0.5396991759924172
2517,0.8782361335631909
2518,0.4072696697513621
2519,0.59413255847753
2520,-1.17488282373929
2521,-3903.7924436666585
2522,-0.05848640512659847
2523,-0.6066750756063212
2524,-0.9959487016330324
2525,1.13060521863777
2526,21.48468864563731
2527,0.3428961386107854
2528,1.4144324999741582
2529,594.6865013333335
2530,0.5652375363098884
2531,1.5837760839809978
2532,0.12638206775273547
2533,0.2672749346207506
2534,0.06465113196157654
2535,0.4554382364890194
2536,0.22120895847089347
2537,-1472.0153745652153
2538,979.3550203333351
2539,0.8765155156845182
2540,127.08695156664761
2541,-22869.047081172484
2542,-1460.7784513481022
2543,0.3428961386107854
2544,-3.709239927745946
2545,-12424.663324657211
2546,-3655.772686339513
2547,2.9570795723473005
2548,0.04407307571328387
2549,-3934.6269087649193
2550,-4698.5175410000065
2551,2.229508048781506
2552,0.04757613788322237
2553,0.6395446349487603
2554,0.9028872496065806
2555,0.8263188728322481
2556,-14403.275264234888
2557,-1.6303087396026366
2558,0.8765155156845182
2559,-4790.912291932667
2560,-1.6722079170412925
2561,-10653.061159857105
2562,-12773.464526872653
2563,0.4554382364890194
2564,-6607.106700165694
2565,3.545700639015268
2566,-14070.480448067867
2567,0.631284363879801
2568,-10151.758883222199
2569,-8.388115438381156
2570,-3.0007639025836066
2571,0.023324741416541298
2572,2.1776633085536328
2573,0.023324741416541298
2574,-2.6012169131265774
2575,-8127.329144556121
2576,0.12638206775273547
2577,1.7078109576159697
2578,-992.6267867012936
2579,1.9603300363047271
2580,0.5950590047956298
2581,0.7643639170050184
2582,-17825.09763300143
2583,1.4063506873656804
2584,561.4668449861028
2585,-4580.528873284099
2586,2.9947090554757887
2587,0.7752440344344844
2588,-994.0527667012935
2589,-0.7131115415324166
2590,0.023324741416541298
2591,0.07533057603526054
2592,0.023324741416541298
2593,1.295793056957858
2594,1.4295165750534138
2595,-3601.576779416674
2596,-0.15589615193825423
2597,3.418569964871884
2598,1021.1376116666753
2599,0.38007766194205506
2600,-10462.209077416555
2601,-0.9959487016330324
2602,-1.6303087396026366
2603,-3.1965900013896067
2604,-2.1186149359557755
2605,-2217.192915494943
2606,-2.766440360448833
2607,1.6456366721493254
2608,-9939.396358813392
2609,5.242747267825685
2610,-902.9394011951065
2611,-1.0891878182846628
2612,653.2556513333336
2613,-14864.957464936453
2614,0.12809598123296909
2615,-2.766440360448833
2616,0.4554382364890194
2617,-15925.722407562685
2618,-1.5162044793026783
2619,-18099.906741273415
2620,-0.5396991759924172
2621,-281.50677105567837
2622,-3421.830579617865
2623,-0.22079309897901808
2624,-0.9928174671462585
2625,0.7193739225991764
2626,-11413.397419859317
2627,-1.317675122078444
2628,-28356.723283555617
2629,0.187751164082337
2630,-1.1757116655027964
2631,0.7486138846990621
2632,-4.858990345571573
2633,1.5860649941044769
2634,1.5503875295924752
2635,1.5169327067406586
2636,1.295793056957858
2637,1.7701304199206411
2638,-3616.058814165175
2639,-19263.14206900005
2640,-461.3703293448778
2641,-7501.7619265583335
2642,-1.2988648511658762
2643,-25995.819903549633
2644,-1.6387838139459914
2645,-0.8942404764631829
2646,-6186.429291584946
2647,-1231.9492686702315
2648,-2.207553669816229
2649,-2.766440360448833
2650,-1.2304947710113603
2651,1.5503875295924752
2652,0.6395446349487603
2653,-955.0551993722955
2654,-0.295163379106354
2655,2.0621099307499158
2656,1.13060521863777
2657,0.04407307571328387
2658,-19310.05352900005
2659,-37493.635746160595
2660,-1.2304947710113603
2661,-0.5168055540537171
2662,2.2005113672535255
2663,3.0503212783453444
2664,2.6464138027515154
2665,-10907.398118377327
2666,-2361.8825822103117
2667,-0.7131115415324166
2668,-2.1649078018251635
2669,-1.1913069732968327
2670,-1764.7175809513758
2671,0.22120895847089347
2672,-8727.162772017831
2673,0.04407307571328387
2674,-906.0616233320462
2675,-5300.723109733017
2676,-0.9294470142595729
2677,0.8263188728322481
2678,-2384.9065666530114
2679,-3137.187280666674
2680,-20385.397420254703
2681,-0.6248441716319121
2682,-0.010874183799243922
2683,-1.9952441657798712
2684,0.04757613788322237
2685,-0.8266143824694843
2686,0.10255246930856543
2687,-2.6012169131265774
2688,0.7448812040709043
2689,-408.69442095471396
2690,-0.4483408240549858
2691,-1.6860994945590326
2692,1.382615687272087
2693,3.0503212783453444
2694,-1151.2135735772806
2695,193.2982050476185
2696,-1.0019392510305827
2697,1.1105966931653322
2698,-4836.847213785725
2699,-2.044427452128341
2700,0.43674997566896195
2701,0.4554382364890194
2702,-1016.0531426407753
2703,-1.5515698279458183
2704,0.16088530129937034
2705,0.348726370572491
2706,-0.05848640512659847
2707,-347.1752364471078
2708,1756.6883251781192
2709,-0.5168055540537171
2710,1.0447928792830197
2711,0.4554382364890194
2712,1.5169327067406586
2713,-1.2126041326352706
2714,-5737.832743193184
2715,-3800.0617113961302
2716,-7284.518351692441
2717,-1.8749281349864608
2718,-0.2570534485545278
2719,-4217.713249805987
2720,-3.2540376090015006
2721,0.46878046165219334
2722,-1.2454978962874825
2723,1.5503875295924752
2724,-1.2302285809314284
2725,-0.24121215512183425
2726,-11948.274547407613
2727,0.3857208756530535
2728,-0.2317809275766096
2729,-0.38786490174222643
2730,-4850.062741891144
2731,0.24794948915274975
2732,-23176.097220524985
2733,1713.6019040895515
2734,-5395.342549673747
2735,1.5503875295924752
2736,0.4173160635067965
2737,-1.9900910121813782
2738,0.5948151124193898
2739,0.2187413946479078
2740,-0.10835768269369675
2741,1.5512044916385128
2742,-0.051362747617079534
2743,-8233.565128574754
2744,-0.4483408240549858
2745,-1.9926081209981177
2746,-0.5396991759924172
2747,-0.8223529858700241
2748,-0.9853925428887357
2749,-8206.311921269784
2750,0.8263188728322481
2751,0.1986768396353455
2752,-281.35119783795824
2753,2.0185560805977136
2754,-12237.347438003511
2755,0.3857208756530535
2756,-2665.9532371501805
2757,0.3857208756530535
2758,1.760386470656985
2759,2.2240978881122535
2760,1.5169327067406586
2761,73.16093740909055
2762,-1.6303087396026366
2763,-7078.292993722564
2764,640.0639768011214
2765,1.5503875295924752
2766,-7385.867531333981
2767,-8822.710200619034
2768,-1496.308527333335
2769,0.915194657797916
2770,0.4173160635067965
2771,-0.06640617033355069
2772,2.1653453903319684
2773,-22967.42501729274
2774,-0.7131115415324166
2775,-17968.29581127779
2776,-9000.69830509466
2777,-3.0007639025836066
2778,-2554.940491466449
2779,-1.3511458521413582
2780,0.3569451842218722
2781,1.3496419995225295
2782,1.5503875295924752
2783,0.04407307571328387
2784,3.0252456464877207
2785,-1.9900910121813782
2786,-4.862765094095625
2787,-6823.895570166689
2788,0.8263188728322481
2789,-4.862765094095625
2790,191.1957873778785
2791,-33814.87696564973
2792,-1.3584571915985129
2793,-6582.686347033517
2794,4220.25704349129
2795,0.12638206775273547
2796,-1.6303087396026366
2797,-1.4876720133367654
2798,0.023324741416541298
2799,-8958.521738669184
2800,-0.2973456355674802
2801,-1.8608793509844086
2802,1.1128355804094407
2803,-3868.606514573866
2804,-0.05848640512659847
2805,-0.7008615031098923
2806,2.393747501345737
2807,-8643.505973282621
2808,0.8268408063463647
2809,150.06396774408702
2810,-0.5168055540537171
2811,-17655.48391749211
2812,5372.828952333712
2813,0.14747923744393499
2814,-0.5396991759924172
2815,-2.766440360448833
2816,-1800.6522974148625
2817,-18727.303822166683
2818,-1.4876720133367654
2819,-2.766440360448833
2820,1128.9853459726285
2821,-0.5396991759924172
2822,-7713.317368555552
2823,-31164.608016596994
2824,2.1258548807870787
2825,-3.709239927745946
2826,0.6196825002427964
2827,-3.709239927745946
2828,-1373.60300166414
2829,-4.858990345571573
2830,0.33987601930861766
2831,-0.5396991759924172
2832,0.8263188728322481
2833,-2602.41230346645
2834,-2.2488561182887428
2835,-9034.551200111093
2836,0.8348456608592105
2837,-19.829276999999976
2838,0.348726370572491
2839,0.2672749346207506
2840,-972.4778901190483
2841,-5965.043700057136
2842,1.571818691424721
2843,0.22120895847089347
2844,1.295793056957858
2845,-0.25156108417251893
2846,-0.5396991759924172
2847,-1140.7141323429992
2848,-0.22079309897901808
2849,0.5351378160671392
2850,2119.0977117063476
2851,0.3301780623330083
2852,-0.4167234518027216
2853,0.4173160635067965
2854,3.0503212783453444
2855,-0.38211002865808785
2856,-4.858990345571573
2857,-0.2973456355674802
2858,-171.532284440115
2859,-0.8243610309263413
2860,-3125.111584963329
2861,1.1112818770382291
2862,1.295793056957858
2863,1227.8264141666737
2864,-2.766440360448833
2865,286.9226107923457
2866,1.2849662328736278
2867,-2.1123376360206327
2868,-0.5168055540537171
2869,-2.587824848764846
2870,0.34424116829476203
2871,-6772.010046639876
2872,-0.4483408240549858
2873,-18070.055534500047
2874,-28960.2725264921
2875,-15573.421314889933
2876,-22625.33913166667
2877,-0.7131115415324166
2878,0.5774859758178287
2879,-482.7050242957287
2880,1.4295165750534138
2881,-0.38786490174222643
2882,-8.388115438381156
2883,-0.25156108417251893
2884,-11676.589372705406
2885,-0.3357414819817408
2886,-0.0699572006420886
2887,-9569.611169613532
2888,-0.6607323544012436
2889,52.82164455699875
2890,-3536.1362836046483
2891,4289.9212806686965
2892,-1.2988648511658762
2893,4.282949298760515
2894,0.4554382364890194
2895,0.7193739225991764
2896,-11596.61034375777
2897,-4.216918027825879
2898,-37034.81627095242
2899,357.4022876389811
2900,0.3428961386107854
2901,-0.6880262859299032
2902,-0.7489253460881994
2903,-0.30646927900069804
2904,1.5503875295924752
2905,-20175.733054000022
2906,0.7193739225991764
2907,0.3301780623330083
2908,-16098.66827406893
2909,4.043884036959915
2910,-7644.511583043026
2911,0.4173160635067965
2912,0.4554382364890194
2913,0.3428961386107854
2914,-5169.337876320067
2915,0.22120895847089347
2916,-1.8874060380095248
2917,1.3496419995225295
2918,445.2561485714286
2919,-23755.500071666716
2920,-10289.168441379823
2921,1.5503875295924752
2922,-1.2302285093864584
2923,0.5739900558987542
2924,-0.8858553750792962
2925,0.10255246930856543
2926,0.2187413946479078
2927,-14480.10982884264
2928,-20182.01856733341
2929,1.8124970260061697
2930,-5282.531222721357
2931,-0.25156108417251893
2932,-1.5367386022869758
2933,-195.53967535277096
2934,0.2672749346207506
2935,-4069.3000053540945
2936,-3004.8939271111153
2937,6.005427674438309
2938,-1.4178940721383522
2939,-446.64819634945394
2940,0.7193739225991764
2941,2.229508048781506
2942,-4157.135353577725
2943,-2.823692915748351
2944,-2160.127685379588
2945,-253.78994025732803
2946,-1574.739110605401
2947,-0.4483408240549858
2948,-2.6012169131265774
2949,0.6626931340024808
2950,-1.012966536390252
2951,1.5512044916385128
2952,-2750.976882358929
2953,-0.30646927900069804
2954,0.12809598123296909
2955,-20136.105531432233
2956,0.2187413946479078
2957,-3.0007639025836066
2958,-1.3288406314328687
2959,-1965.793674216616
2960,-8613.613160903218
2961,-645.5251058095231
2962,0.4072696697513621
2963,1.4144324999741582
2964,-2.7299001067587167
2965,-1.0313487679534057
2966,0.915194657797916
2967,-0.31437582830471933
2968,0.4072696697513621
2969,0.31014150983893723
2970,3954.1139815112897
2971,-3.1555741441257785
2972,-2.2488561182887428
2973,-4703.997393843432
2974,327.55761745392994
2975,-8129.760515020751
2976,-3.3783624735586013
2977,-0.22079309897901808
2978,0.1986768396353455
2979,0.18459559142169418
2980,6.983971778242607
2981,1.5169327067406586
2982,0.6782899438273388
2983,1.295793056957858
2984,0.1986768396353455
2985,6.465755651050028
2986,0.10255246930856543
2987,0.6395446349487603
2988,1.5503875295924752
2989,0.6395446349487603
2990,-6515.882162626311
2991,1.5503875295924752
2992,-0.07248433686484029
2993,-11096.344685729233
2994,-1.8527246795271675
2995,-1.269269659080635
2996,0.6395446349487603
2997,2982.42362140909
2998,-8318.377973213244
2999,0.6626931340024808
3000,0.023324741416541298
3001,-0.5396991759924172
3002,-0.3357414819817408
3003,1.4295165750534138
3004,-0.31437582830471933
3005,-0.863329089056137
3006,1.7388182468164821
3007,0.5056772026473569
3008,2.0621099307499158
3009,-1.6860994945590326
3010,0.08601384743842387
3011,1.571818691424721
3012,0.3428961386107854
3013,0.12638206775273547
3014,-3.2529859398581364
3015,1.777527113763567
3016,-2860.7349160366766
3017,-0.7131115415324166
3018,1.4295165750534138
3019,0.8765155156845182
3020,-0.4483408240549858
3021,-0.3156085330295189
3022,-14.660174637917718
3023,0.22120895847089347
3024,-0.5464361006529836
3025,-0.45365231041857806
3026,-0.06640617033355069
3027,-3138.464600768384
3028,-3.709239927745946
3029,0.3914579654660708
3030,0.10255246930856543
3031,-0.12893742345665873
3032,2.8429525955412265
3033,-8.388115438381156
3034,-2726.437630999993
3035,-7847.7410539996945
3036,1.1112818770382291
3037,-14331.875952926417
3038,-0.4483408240549858
3039,-0.15907365536175286
3040,-19286.62055333336
3041,1.13060521863777
3042,1.802137418052163
3043,-4293.372862771108
3044,0.05586934185602354
3045,0.915194657797916
3046,-7708.474075072975
3047,-801.2649196656307
3048,-0.31437582830471933
3049,-1.0593478494233326
3050,-1.2463130000896985
3051,-7105.2214130916855
3052,-0.7647501117906123
3053,0.023324741416541298
3054,1.1049699397738812
3055,-7248.222912031728
3056,-6538.521183520759
3057,1.4063506873656804
3058,-1.1367966445722621
3059,-26943.457516567796
3060,-7987.605293616911
3061,-1016.7919107720467
3062,0.915194657797916
3063,-5211.774444304445
3064,185.1643886666664
3065,0.1940721589418574
3066,-6.245233881156995
3067,-1.4876720133367654
3068,-2812.1602456366486
3069,0.22120895847089347
3070,-0.05848640512659847
3071,-2.6449500439173113
3072,-0.5396991759924172
3073,-8576.7835935466
3074,-7.640815723492214
3075,1.295793056957858
3076,0.4173160635067965
3077,1.5169327067406586
3078,-19266.846654571444
3079,0.668784514764488
3080,0.4554382364890194
3081,0.7193739225991764
3082,-10584.90348466665
3083,0.2004941297502706
3084,596.5614780641026
3085,0.1422662727137635
3086,0.023324741416541298
3087,-0.295163379106354
3088,0.3301780623330083
3089,-9424.812343333298
3090,-3.557284605518445
3091,0.4554382364890194
3092,0.04757613788322237
3093,0.4554382364890194
3094,-8308.625074976228
3095,0.22120895847089347
3096,-5189.478630637784
3097,0.3428961386107854
3098,-410.70393344804853
3099,209.22988419047536
3100,1.295793056957858
3101,-9840.171729313732
3102,-11433.121478150179
3103,1.6456366721493254
3104,-0.4483408240549858
3105,-0.295163379106354
3106,-10682.258564838368
3107,-0.4483408240549858
3108,-0.10835768269369675
3109,-3013.0299223333327
3110,-1.1257768570129834
3111,-10541.489223614002
3112,-1.8749281349864608
3113,-0.4483408240549858
3114,0.6395446349487603
3115,0.04757613788322237
3116,0.04757613788322237
3117,0.8765155156845182
3118,1352.028218841991
3119,-2.006537121589498
3120,-3.0983699088159886
3121,0.3301780623330083
3122,-0.051362747617079534
3123,-6953.188776999999
3124,-0.295163379106354
3125,-17412.863777444407
3126,-0.863329089056137
3127,-4199.606917886448
3128,-13945.127873681045
3129,-35586.12840133342
3130,-1423.9320379387395
3131,-3.557284605518445
3132,0.04757613788322237
3133,-4425.995291240269
3134,-0.34354110923715886
3135,0.5769341892863284
3136,0.3641695499364857
3137,-5706.699297807505
3138,3.0503212783453444
3139,0.7289038466711589
3140,-0.34354110923715886
3141,-0.5396991759924172
3142,-9345.284129506088
3143,0.19039667090377288
3144,-0.9643372395271164
3145,-0.8266143824694843
3146,-8.388115438381156
3147,-0.05848640512659847
3148,0.6879345306185373
3149,-11863.66271127037
3150,-16393.11459335264
3151,-0.25156108417251893
3152,-1.1913069732968327
3153,-142.0881393968253
3154,-0.05848640512659847
3155,0.3301780623330083
3156,-2166.0068872727225
3157,-13753.030269090577
3158,-0.3357414819817408
3159,-0.6323169524118032
3160,-1906.5297109649007
3161,3.258758547822698
3162,-1.0345491611021937
3163,-2.088119880903961
3164,-0.25156108417251893
3165,1.5503875295924752
3166,-1.0891878182846628
3167,-1088.154242917066
3168,-1.0345491611021937
3169,0.6752016639018298
3170,0.023324741416541298
3171,1.1105966931653322
3172,-30306.03385366918
3173,-3349.1111116666634
3174,-5179.735144650115
3175,-0.25156108417251893
3176,-20136.105531432233
3177,0.8263188728322481
3178,0.8263188728322481
3179,0.22120895847089347
3180,0.2004941297502706
3181,-3208.961867087424
3182,3.0503212783453444
3183,-759.8996156680665
3184,0.3301780623330083
3185,0.12638206775273547
3186,-4593.0056024761725
3187,-2.6449500439173113
3188,0.04757613788322237
3189,1.7388182468164821
3190,0.7297526026999225
3191,-4218.742445860969
3192,-2245.090412756748
3193,-587.1562940476191
3194,0.04757613788322237
3195,1.1128355804094407
3196,1.7024652132169873
3197,-0.8942404764631829
3198,-0.051362747617079534
3199,-0.5396991759924172
3200,-1.8749281349864608
3201,-1.0345491611021937
3202,1.633214609294429
3203,-5887.550764630027
3204,-15573.421314889933
3205,-6951.044276238074
3206,-0.3156085330295189
3207,-8114.853658127551
3208,-18719.35898277492
3209,-18897.37590952744
3210,0.5204971230141558
3211,-1.4178940721383522
3212,0.3428961386107854
3213,0.5739900558987542
3214,-17182.068990079373
3215,-22924.337499629837
3216,-18010.63556319986
3217,-12701.456462233098
3218,-9192.745385211489
3219,-12716.565072142872
3220,-29107.109134984516
3221,-12480.619703313054
3222,-22386.275362936536
3223,-16958.843779722938
3224,-7227.770695124766
3225,-27282.641980130637
3226,-6584.446812249983
3227,-1663.950022011904
3228,-11548.10310557619
3229,-11538.751229632338
3230,-10415.02800188888
3231,-12041.217807655565
3232,-10314.359670980379
3233,-23864.024743548296
3234,-2597.346048025363
3235,-1533.7723547117598
3236,-3476.769580435485
3237,-6165.832780999988
3238,2098.8949241414084
3239,-2193.775537668613
3240,-7482.136840891672
3241,-13557.951642745096
3242,-27207.46790823081
3243,-6561.945684659099
3244,-17983.228202698396
3245,907.7035133636354
3246,-6170.11142285471
3247,-8647.04256522099
3248,-7448.067724825341
3249,-18726.468237459627
3250,546.1001741995362
3251,-8793.965270976192
3252,2425.624468999528
3253,-8436.369378164616
3254,-1794.0652937676862
3255,-2972.2220599420334
3256,-2364.116390658268
3257,-16952.746949244967
3258,-4103.928213443545
3259,-21137.452429055502
3260,-12531.293037463109
3261,-7651.403677547604
3262,-21349.175248000054
3263,-15461.582400190515
3264,-5209.220848640832
3265,-6525.280996916647
3266,-22149.46407286543
3267,-7784.4053249285325
3268,-13300.322505211947
3269,-20398.982930547572
3270,-14135.907176511204
3271,-9178.264699281206
3272,-172.68891023482743
3273,-1932.8261985220147
3274,-1029.4330622939824
3275,-16939.901941126984
3276,-3557.9987651386646
3277,-7479.5371617499995
3278,-19527.02318339684
3279,-1068.863300800869
3280,-4205.977437666684
3281,-9959.631281813363
3282,-22888.09301906919
3283,-4355.619695999999
3284,-7322.244435389825
3285,2032.7374300303047
3286,-3456.7187143690758
3287,-854.0919831818177
3288,-5335.741027565363
3289,-6292.185127245485
3290,-30258.037800833383
3291,-822.5373300303045
3292,-3473.2440349999933
3293,-12781.464482968457
3294,-25913.813723761872
3295,-5458.149813978192
3296,-6449.664472841278
3297,-16499.141577790844
3298,-13554.395148731905
3299,1905.7772074444347
3300,-816.0115362759216
3301,-18231.80478904761
3302,-1452.5241665929082
3303,-9933.264310263294
3304,-5199.823662935029
3305,-9926.442284114111
3306,-4161.2647698730025
3307,-3891.5341278539536
3308,-28819.71100031789
3309,-14320.163149723998
3310,-1775.4645732857168
3311,-5915.956705833338
3312,-9131.836540714272
3313,-15045.497599476208
3314,-7278.057859095236
3315,-4293.372862771108
3316,30.542249233313772
3317,-7102.683416742406
3318,-10421.379146698142
3319,-5555.50676737343
3320,-4836.847213785725
3321,-5097.787917095243
3322,-2448.7836114826855
3323,-13349.63998005134
3324,-11842.699414583327
3325,-10062.083578738066
3326,-6229.058475507944
3327,-17410.498412222238
3328,1911.7572809999917
3329,-4222.4571303026
3330,-29530.20495619043
3331,-28632.428292360204
3332,-17088.274725455998
3333,-7556.107356071408
3334,-8273.293649490439
3335,-2795.3184912946645
3336,-8348.418969254075
3337,-7843.557190888904
3338,-13120.36375667035
3339,-27426.05302756885
3340,-27659.424697428567
3341,-10213.162540606842
3342,-8038.1477839502495
3343,-107.53986644497162
3344,-5002.676100472242
3345,-536.6017382446444
3346,-21326.01863943648
3347,-13841.413484259596
3348,-6491.422610817157
3349,-22793.67809607943
3350,-3968.3138553922067
3351,-10576.434580692045
3352,-4993.194105666665
3353,-8185.347159595266
3354,-33961.414525952365
3355,-1973.4652174025937
3356,-2701.802833439395
3357,-1555.9612427359286
3358,-10047.757165767518
3359,-29844.46585600012
3360,-1505.6990933283068
3361,-28292.33506384933
3362,-10159.278973012975
3363,-948.1345911926442
3364,-14443.89308106742
3365,-7764.804348000001
3366,-9138.217750714268
3367,-18039.818408372776
3368,-5278.850586809515
3369,-766.878110195663
3370,-1471.4024825945169
3371,-3418.9748831301354
3372,-16899.36787858707
3373,-1570.0078206460437
3374,-13514.148953904714
3375,-2229.223328227152
3376,-8445.451437345884
3377,-19794.949527564135
3378,-8104.18648288425
3379,-21555.485213531534
3380,-5442.452735554113
3381,-772.9871665930757
3382,-3512.9781731602106
3383,4102.480673337327
3384,-20065.697683333332
3385,-21525.57974871734
3386,-10441.698069242446
3387,-8033.5025006428195
3388,-21565.335870000064
3389,-19425.48672779306
3390,-6284.197508761918
3391,-33941.016103095215
3392,-11360.019750833295
3393,-4083.354443021771
3394,-2207.352671886364
3395,-6956.3036747142805
3396,-13166.832416991052
3397,-7245.440315155877
3398,-1566.4435203055027
3399,-27806.203223619043
3400,-20987.723939769243
3401,-18951.05236216406
3402,-9007.423210572822
3403,-17474.477123311342
3404,-2087.0361522499993
3405,1726.690832175586
3406,-14747.810803783359
3407,2809.786698912259
3408,3772.7511666666605
3409,-6047.879952632572
3410,-12505.352325177257
3411,-6573.146385808373
3412,-10745.842639740395
3413,-3413.392626484114
3414,-14548.494304054133
3415,660.7614467017123
3416,-4541.961342047613
3417,-13272.364075224807
3418,-23869.97891166667
3419,-8578.198376980872
3420,-4166.2031561880685
3421,-9327.349111901982
3422,-20393.68128592138
3423,-19920.507980757026
3424,-12681.98112175981
3425,-5864.2370036190605
3426,-21634.86828848392
3427,746.0992906722387
3428,-2569.4950428571424
3429,-1946.411766287654
3430,-13372.61350603969
3431,-8430.771954404749
3432,-18044.950495126934
3433,-24932.934586881533
3434,-824.3526648544802
3435,-10861.540590013283
3436,241.53374382539752
3437,-8617.961688647538
3438,-24041.685304811635
3439,-5188.069988880952
3440,-23590.285171151154
3441,-3157.2408228997065
3442,-8721.1757555093
3443,-1692.8093723306708
3444,-15392.93664370978
3445,-9661.066200250796
3446,-3820.9185619675395
3447,-6140.834201734273
3448,-5658.389864721969
3449,-4413.622383452397
3450,-22095.67247008017
3451,-22409.232728683168
3452,-10407.536430784528
3453,-8126.327169157628
3454,-1278.4769418823537
3455,-1603.915798566942
3456,-28081.000300666652
3457,-11051.981980785698
3458,-4988.755518133326
3459,-19921.282181897473
3460,-2756.058898596776
3461,-20808.016395575723
3462,-12125.16827354305
3463,-22541.151127698762
3464,122.95855189853415
3465,-11769.787489102197
3466,-8672.853324060128
3467,-5971.206578279945
3468,-3161.1267586537233
3469,-11769.787489102197
3470,-7998.395739357094
3471,-1243.4252043849317
3472,-6273.243517400594
3473,-1061.5054700000012
3474,-30222.86630033344
3475,-2564.4280737481936
3476,-7356.10801347957
3477,47.04174132727329
3478,-3149.1916231017376
3479,-8267.290287117987
3480,1222.8150211111094
3481,-14383.057884234891
3482,-7322.363210535906
3483,-17007.597496547554
3484,-8970.620833906154
3485,-5290.794192987875
3486,-5992.821777487772
3487,-4414.787553452396
3488,-37817.24253847627
3489,-1798.346902620486
3490,-7547.860275187128
3491,-13703.177229447965
3492,-17816.47855569846
3493,-12196.758462126074
3494,-17738.78678988885
3495,-17622.898626603208
3496,-7038.727048007925
3497,-7258.088915193146
3498,-10398.214145190459
3499,-6113.898584132184
3500,-3945.0454509999904
3501,-20056.24819189747
3502,-3206.0590632332533
3503,-964.9883358282842
3504,-99.00106951302809
3505,-6151.641376420585
3506,-16541.198475956004
3507,-8679.523233647546
3508,-9598.963934444435
3509,-5999.252552982684
3510,-8638.3867056459585
3511,-9255.437555809547
3512,-6475.732899928599
3513,-6140.834201734273
3514,-7329.318538891527
3515,-2266.9843883282815
3516,-5170.599917446616
3517,-13686.782831833334
3518,-9133.88101480954
3519,-29159.89993699995
3520,-6128.158171467363
3521,-3458.6954377024085
3522,-10935.710408793659
3523,-15825.486073647506
3524,-6577.711703627703
3525,-11024.657780111096
3526,-20292.636576333392
3527,-30491.479072172457
3528,-10314.359670980379
3529,-22336.627179000006
3530,-13773.787984422368
3531,-14666.7506028221
3532,-25931.918821357216
3533,-2076.1900962462864
3534,-13856.53331572654
3535,-4448.798832341294
3536,-5623.8975926190315
3537,-29076.58995289742
3538,-4433.131171278186
3539,-24208.17010095331
3540,-4937.028171476174
3541,-8244.565816894712
3542,-21197.676247071413
3543,-9416.886070058245
3544,-5517.329627048684
3545,-3408.129767048697
3546,-9035.244399746036
3547,-9685.075217148456
3548,-11161.849106555532
3549,-860.5065443718304
3550,724.1649394706418
3551,-6180.887023939393
3552,-483.77169690475955
3553,-6207.439871092886
3554,-1971.6182783282807
3555,-5606.533016403091
3556,-4458.669566452386
3557,-7233.863523762265
3558,-4821.3989669333105
3559,-6885.070980428564
3560,-29305.335518854754
3561,-13720.611245886708
3562,-30968.221756809602
3563,-19072.317721903397
3564,-27897.221688666723
3565,-5625.645530472367
3566,-3929.7965279137225
3567,-6725.356395357155
3568,-27426.05302756885
3569,-4580.161545675997
3570,-20987.723939769243
3571,7572.979623469022
3572,-12620.336525100582
3573,-17573.678736666618
3574,-4941.179581285762
3575,-14351.840973949511
3576,-11990.503353322236
3577,-6707.747317674942
3578,-7876.126821206343
3579,-11597.720325671007
3580,-3196.3686589220893
3581,-8952.830068669184
3582,265.0138270164499
3583,-8932.354907666675
3584,-24142.086320953313
3585,-13049.067712952357
3586,-24484.213928984234
3587,-17808.53296335714
3588,-28599.42135918793
3589,-9454.075128739481
3590,-12378.528714333359
3591,-5414.083903575749
3592,-5681.598893079355
3593,-1247.6929083855753
3594,-11784.060513694269
3595,3674.161334479078
3596,-7191.019640510598
3597,521.8195777216808
3598,-4873.583197012768
3599,-14547.045093417399
3600,-20593.32495769923
3601,-9203.40757977775
3602,-23807.357403842077
3603,-3574.0791333888874
3604,-17628.22107436506
3605,-11935.872651484278
3606,-8893.103320550297
3607,-1730.0597915000003
3608,-137.09876633939362
3609,-13640.830844531722
3610,-11968.660905788973
3611,-5773.545640034684
3612,-4859.107516247029
3613,-15636.440606977183
3614,-3749.1264329282103
3615,-827.9213133333354
3616,-31794.083616397194
3617,1599.071388766658
3618,438.0841526433247
3619,-5891.676778333338
3620,-22616.288056269856
3621,-6314.290543600737
3622,-9995.161869929969
3623,-2980.4216371190378
3624,-18528.872321611754
3625,-1022.6629584858227
3626,-8999.888458309515
3627,-7927.595986234884
3628,-3429.4289318690385
3629,-24859.07361548158
3630,-5402.616797952375
3631,-7800.045443006543
3632,-3162.7655497618994
3633,-16505.35810966673
3634,-11413.951836418046
3635,-11888.05436339976
3636,-6898.509791691029
3637,-18743.37191626195
3638,-13116.730224093099
3639,-29246.88746385475
3640,-826.555404140958
3641,-5755.473885997988
3642,-8734.017489593412
3643,-9401.837087686854
3644,-4243.200337944845
3645,-12067.49794000217
3646,-3096.647513101738
3647,-2552.2312641904764
3648,-10459.407182230134
3649,-15716.480906476203
3650,-3901.362642059086
3651,-10199.123621162604
3652,-15392.93664370978
3653,-4453.088135577881
3654,-5330.280727935029
3655,-21335.56840392854
3656,-13589.05787305986
3657,-516.2649459880339
3658,-21361.88842957577
3659,-19379.38786533329
3660,-8518.277113546601
3661,-2595.402142746532
3662,-13336.899672494956
3663,1907.9443513636381
3664,-12883.772293336973
3665,-14180.1127372418
3666,-5156.19561383551
3667,3478.376990679861
3668,-17531.08744388891
3669,-1784.9697698571385
3670,-2668.255445833342
3671,-2289.7029536666614
3672,-9288.019544222228
3673,-7245.440315155877
3674,-16344.353193716737
3675,-13471.107195410545
3676,-542.2850634841272
3677,-13391.30087886616
3678,-3707.05408916883
3679,-11905.140586928524
3680,-16549.568553888887
3681,-18718.42270233331
3682,-19854.511182999922
3683,-26156.388758937275
3684,-8007.318779357089
3685,-2284.7823008888895
3686,-9865.214670418034
3687,-9903.25131744745
3688,-10716.65890286271
3689,-11946.000951000056
3690,-13098.60839754303
3691,-17284.076215396784
3692,-23581.42449115114
3693,-6736.7916394155945
3694,-13428.438631904723
3695,-37387.31887910095
3696,-27701.992127619054
3697,-8545.21561438891
3698,-1997.8419710715405
3699,-2036.0096755303116
3700,-14436.986165649912
3701,-6533.1214779166485
3702,-6942.955139238133
3703,-17444.80611147619
3704,-5807.570955071427
3705,-7898.3232399715525
3706,-13412.205318751603
3707,2580.6703126666625
3708,-4841.306798952625
3709,-13156.906797583753
3710,1860.0399885627671
3711,-22899.155232277786
3712,-7630.151659528942
3713,-17274.126342555548
3714,-21924.170064461217
3715,-19567.731860293035
3716,-4494.484895637112
3717,-15417.9775381428
3718,-7560.061897315977
3719,-13920.631453259506
3720,-5690.21728799421
3721,-8074.074325616917
3722,-9443.713548311067
3723,-7106.935706890473
3724,-6203.915219909077
3725,-9591.756644196052
3726,587.3620043639048
3727,-12882.759777692803
3728,-23520.805536508757
3729,-9997.332689245806
3730,-3239.0334051071427
3731,-6628.475008217981
3732,-31044.409031500003
3733,-5268.499559666666
3734,-30343.934666166737
3735,-21431.556948333364
3736,-12142.41256621428
3737,-4199.434669122662
3738,-12280.539473542944
3739,280.36487671212075
3740,2590.343197538239
3741,-10101.848929454916
3742,-16691.329262063264
3743,-30226.500743897388
3744,-9585.182682452434
3745,124.54121455699875
3746,-30491.479072172457
3747,-3067.3404268820336
3748,-4101.521063827449
3749,-6617.374232502157
3750,-12257.88314738095
3751,-14074.945498278415
3752,-4402.937575651107
3753,-10511.137502896825
3754,-6559.006082173941
3755,-23229.14570172224
3756,-27294.3583745079
3757,-4599.828476272752
3758,-10920.469995571406
3759,-8150.003808679307
3760,-14286.062867203573
3761,-13763.713411565224
3762,-10117.358775767516
3763,-11771.700397741572
3764,-4359.162317499995
3765,-3096.7150031017372
3766,-255.50426898268367
3767,-8756.593355315184
3768,-5521.44899271285
3769,-21462.942200230827
3770,-6100.445395848318
3771,-5511.351892688338
3772,-7237.435181409061
3773,-14373.601494234894
3774,-4426.016982675595
3775,-5156.19561383551
3776,-17359.05470770413
3777,-5136.185966404754
3778,-6995.422897190463
3779,-5847.91461461328
3780,-16223.268952492164
3781,-4911.673904452386
3782,-4583.944844428584
3783,-7904.426810738076
3784,-1241.9333738593075
3785,1351.1075970567754
3786,-10630.242779060594
3787,-11115.080175518513
3788,-3792.4293221616194
3789,-9645.396502399815
3790,-10663.745626063492
3791,-36075.09551736195
3792,-5101.388385155551
3793,-15461.366278524883
3794,-1459.9945561984098
3795,-2512.0599491751036
3796,-4436.937085674625
3797,-18741.653338373624
3798,-3796.1569855778403
3799,-19522.342502430463
3800,-13977.982544806275
3801,-3369.8690415464566
3802,-15080.159008190521
3803,-12092.909573518553
3804,-17952.099537222275
3805,-29791.371680595217
3806,-4385.830152026639
3807,-1294.7074887373756
3808,-10476.8117998254
3809,-1373.8167052380968
3810,-31026.602606809614
3811,-5932.421146333346
3812,-3931.272699230107
3813,-14492.498744717901
3814,-34508.238136928645
3815,28.626927233313793
3816,-7374.3779284642405
3817,-3966.9415526666758
3818,-6429.304573615694
